date,pred_native_15m,charge_window,discharge_window,charge_mwh,discharge_mwh,soc_end,gross,aux_cost,net,pf_gross,pf_aux_cost,pf_net
2026-01-27,False,11:15–16:15,16:45–22:00,838.63,763.15,0.0,240817.0,6146.0,234671.0,481164.0,6146.0,475018.0
2026-01-28,False,11:00–16:00,–,838.63,0.0,800.0,-435774.0,9777.0,-445551.0,608656.0,9777.0,598879.0
2026-01-29,False,11:15–16:15,00:00–24:00,838.63,1526.3,0.0,959512.0,9796.0,949715.0,676336.0,9796.0,666540.0
2026-01-30,False,09:30–19:30,16:15–24:00,1033.63,940.6,0.0,108694.0,5429.0,103265.0,62496.0,5429.0,57067.0
2026-01-31,False,10:45–20:15,16:00–24:00,964.29,877.5,0.0,244454.0,2370.0,242084.0,499116.0,2370.0,496746.0
2026-02-01,False,11:00–16:00,17:00–24:00,838.63,763.15,0.0,346970.0,2214.0,344756.0,405033.0,2214.0,402819.0
2026-02-02,False,10:15–16:00,17:00–24:00,838.63,763.15,0.0,107069.0,2432.0,104637.0,230911.0,2432.0,228478.0
2026-02-03,False,00:00–15:15,04:00–24:00,1200.0,1092.0,0.0,73132.0,883.0,72250.0,301758.0,883.0,300875.0
2026-02-04,False,00:00–16:00,03:00–24:00,1200.0,1092.0,0.0,45152.0,332.0,44820.0,163669.0,332.0,163337.0
2026-02-05,False,09:45–20:15,17:00–18:00,945.77,97.5,800.0,-27132.0,4539.0,-31670.0,652534.0,4539.0,647996.0
2026-02-06,False,11:15–16:15,00:00–24:00,838.63,1526.3,0.0,282682.0,3964.0,278718.0,128544.0,3964.0,124580.0
2026-02-07,False,00:00–16:00,03:00–04:00,945.77,97.5,800.0,29576.0,1088.0,28488.0,377130.0,1088.0,376042.0
2026-02-08,False,10:30–15:30,00:00–24:00,838.63,1526.3,0.0,224061.0,927.0,223134.0,134503.0,927.0,133576.0
2026-02-09,False,00:00–15:15,02:45–24:00,1200.0,1092.0,0.0,-26304.0,-112.0,-26191.0,185833.0,-112.0,185945.0
2026-02-10,False,00:00–21:00,06:45–18:15,1200.0,328.85,800.0,79778.0,2324.0,77453.0,552391.0,2324.0,550067.0
2026-02-11,False,10:00–15:30,01:30–23:15,838.63,1526.3,-0.0,132863.0,309.0,132554.0,239177.0,309.0,238868.0
2026-02-12,False,11:00–16:00,17:00–24:00,838.63,763.15,0.0,143245.0,1399.0,141847.0,276805.0,1399.0,275406.0
2026-02-13,False,10:00–21:00,16:30–24:00,1017.86,926.25,0.0,57138.0,141.0,56997.0,193954.0,141.0,193813.0
2026-02-14,False,00:00–20:45,01:15–24:00,1147.38,1044.11,0.0,5715.0,-550.0,6265.0,69701.0,-550.0,70252.0
2026-02-15,False,00:00–16:00,03:45–08:00,1200.0,328.85,800.0,43441.0,2070.0,41372.0,541268.0,2070.0,539198.0
2026-02-16,False,10:00–21:00,00:00–24:00,964.29,1640.65,0.0,512238.0,2544.0,509694.0,285497.0,2544.0,282953.0
2026-02-17,False,10:00–20:45,17:00–24:00,903.63,822.3,0.0,4066.0,-117.0,4183.0,50572.0,-117.0,50689.0
2026-02-18,False,00:00–21:00,01:30–24:00,1200.0,1006.2,89.9,925.0,-591.0,1516.0,27406.0,-591.0,27996.0
2026-02-19,False,00:00–21:00,04:15–17:45,1200.0,414.65,800.0,39268.0,-652.0,39920.0,5653.0,-652.0,6306.0
2026-02-20,False,01:30–21:00,00:00–18:15,1200.0,1092.0,800.0,5400.0,-652.0,6051.0,5400.0,-652.0,6051.0
2026-02-21,False,02:00–19:30,00:00–18:00,1200.0,1092.0,800.0,-1110.0,278.0,-1388.0,212070.0,278.0,211792.0
2026-02-22,False,10:00–20:15,00:00–24:00,910.71,1591.9,0.0,166189.0,197.0,165992.0,216253.0,197.0,216056.0
2026-02-23,False,07:00–16:30,07:45–24:00,963.63,876.9,0.0,217709.0,1391.0,216318.0,348534.0,1391.0,347143.0
2026-02-24,False,09:00–21:00,11:15–24:00,998.34,908.49,0.0,27275.0,374.0,26901.0,74780.0,374.0,74406.0
2026-02-25,False,00:00–15:30,01:15–08:00,1200.0,328.85,800.0,43674.0,860.0,42813.0,272253.0,860.0,271393.0
2026-02-26,False,09:45–21:00,00:00–24:00,936.13,1615.03,0.0,243791.0,3087.0,240704.0,100220.0,3087.0,97133.0
2026-02-27,False,10:00–17:00,10:45–24:00,871.13,468.32,340.1,-212115.0,2965.0,-215080.0,378128.0,2965.0,375163.0
2026-02-28,False,10:45–21:00,00:00–18:45,1106.49,568.15,800.0,-118281.0,2835.0,-121115.0,443160.0,2835.0,440326.0
2026-03-01,False,11:00–16:00,00:00–24:00,838.63,1526.3,0.0,507794.0,5358.0,502436.0,27026.0,5358.0,21669.0
2026-03-02,False,09:30–14:30,16:45–24:00,838.63,763.15,0.0,58158.0,260.0,57898.0,265755.0,260.0,265495.0
2026-03-03,False,00:00–15:15,01:45–09:00,1049.88,192.24,800.0,35485.0,1906.0,33578.0,403617.0,1906.0,401710.0
2026-03-04,False,11:00–16:00,00:00–24:00,838.63,1526.3,0.0,172918.0,4269.0,168649.0,169215.0,4269.0,164946.0
2026-03-05,False,11:30–16:30,19:45–24:00,838.63,763.15,0.0,272339.0,1457.0,270883.0,324478.0,1457.0,323021.0
2026-03-06,False,10:15–16:00,–,838.63,-0.0,800.0,-272253.0,4789.0,-277041.0,211836.0,4789.0,207048.0
2026-03-07,False,11:00–16:00,00:00–24:00,838.63,1526.3,0.0,319079.0,821.0,318259.0,227119.0,821.0,226298.0
2026-03-08,False,09:45–15:15,17:15–24:00,838.63,763.15,0.0,283058.0,2365.0,280694.0,289472.0,2365.0,287107.0
2026-03-09,False,09:00–16:00,09:45–24:00,856.49,779.4,0.0,64128.0,1054.0,63073.0,102471.0,1054.0,101417.0
2026-03-10,False,00:00–16:00,02:15–15:15,1200.0,328.85,800.0,54895.0,1954.0,52942.0,525050.0,1954.0,523096.0
2026-03-11,False,11:15–16:15,00:00–24:00,838.63,1526.3,0.0,287741.0,4419.0,283322.0,253617.0,4419.0,249197.0
2026-03-12,False,00:00–15:15,02:30–24:00,1200.0,1092.0,0.0,130666.0,-157.0,130823.0,125448.0,-157.0,125605.0
2026-03-13,False,09:00–16:00,09:30–09:45,854.88,14.79,800.0,-50200.0,2747.0,-52947.0,493332.0,2747.0,490585.0
2026-03-14,False,11:00–16:00,00:00–24:00,838.63,1526.3,0.0,388900.0,4872.0,384028.0,-138018.0,4872.0,-142890.0
2026-03-15,False,10:30–15:30,18:00–24:00,838.63,763.15,0.0,-48326.0,4203.0,-52530.0,460841.0,4203.0,456638.0
2026-03-16,False,11:30–16:30,17:00–23:00,838.63,763.15,0.0,51904.0,542.0,51362.0,165050.0,542.0,164508.0
2026-03-17,False,00:00–23:00,02:00–20:00,1200.0,328.85,800.0,-155012.0,2556.0,-157568.0,569951.0,2556.0,567396.0
2026-03-18,False,11:15–16:15,00:00–24:00,838.63,1526.3,0.0,418999.0,1565.0,417434.0,311284.0,1565.0,309720.0
2026-03-19,False,08:00–15:30,08:45–09:00,856.49,16.25,800.0,38038.0,2350.0,35689.0,451842.0,2350.0,449492.0
2026-03-20,False,11:00–16:00,00:00–24:00,838.63,1526.3,0.0,452059.0,1595.0,450464.0,208137.0,1595.0,206542.0
2026-03-21,False,00:00–17:00,02:00–24:00,1018.99,927.28,0.0,41779.0,-175.0,41954.0,104482.0,-175.0,104658.0
2026-03-22,False,07:00–17:00,07:45–16:15,874.34,32.5,800.0,-135283.0,4204.0,-139487.0,437997.0,4204.0,433793.0
2026-03-23,False,10:45–15:45,00:00–24:00,838.63,1526.3,0.0,368622.0,967.0,367655.0,132240.0,967.0,131273.0
2026-03-24,False,08:00–17:00,08:45–24:00,872.74,469.79,340.1,180535.0,817.0,179718.0,332146.0,817.0,331329.0
2026-03-25,False,11:00–16:00,00:00–24:00,838.63,714.4,391.2,389079.0,2470.0,386609.0,419262.0,2470.0,416792.0
2026-03-26,False,11:00–16:00,00:00–24:00,838.63,958.15,186.8,560839.0,5072.0,555767.0,466409.0,5072.0,461338.0
2026-03-27,False,11:00–16:00,00:00–24:00,838.63,909.4,33.4,372639.0,5869.0,366771.0,345203.0,5869.0,339334.0
2026-03-28,False,11:00–16:00,00:30–24:00,838.63,795.05,0.0,-183131.0,4219.0,-187349.0,50821.0,4219.0,46602.0
2026-03-29,False,08:00–15:30,08:45–09:00,856.49,16.25,800.0,-239273.0,3748.0,-243021.0,230716.0,3748.0,226968.0
2026-03-30,False,10:00–15:00,00:00–24:00,838.63,1526.3,0.0,183630.0,5132.0,178498.0,282363.0,5132.0,277231.0
2026-03-31,False,00:00–14:00,02:45–24:00,1082.38,984.96,0.0,227823.0,1183.0,226640.0,304199.0,1183.0,303016.0
2026-04-01,False,10:30–15:30,19:45–24:00,838.63,763.15,0.0,170949.0,4059.0,166890.0,317224.0,4059.0,313165.0
2026-04-02,False,11:00–16:00,19:45–24:00,838.63,763.15,0.0,12845.0,533.0,12312.0,143156.0,533.0,142623.0
2026-04-03,False,00:00–14:00,03:15–24:00,1200.0,1092.0,0.0,347353.0,1000.0,346353.0,389270.0,1000.0,388270.0
2026-04-04,False,08:00–15:30,08:45–24:00,856.49,779.4,0.0,99347.0,160.0,99187.0,184264.0,160.0,184104.0
2026-04-05,False,07:00–16:00,07:45–24:00,887.38,807.51,0.0,259873.0,928.0,258946.0,367383.0,928.0,366455.0
2026-04-06,False,09:00–16:30,09:45–24:00,856.49,601.25,186.8,255221.0,1877.0,253344.0,327511.0,1877.0,325634.0
2026-04-07,False,11:15–16:15,00:00–24:00,838.63,941.3,0.0,71306.0,2348.0,68958.0,224778.0,2348.0,222430.0
2026-04-08,False,00:00–15:00,02:15–24:00,1200.0,1092.0,0.0,178272.0,511.0,177760.0,193651.0,511.0,193140.0
2026-04-09,False,10:00–15:00,19:45–24:00,838.63,763.15,0.0,128151.0,1976.0,126176.0,362660.0,1976.0,360684.0
2026-04-10,False,11:15–16:15,–,838.63,0.0,800.0,41931.0,2411.0,39521.0,658756.0,2411.0,656345.0
2026-04-11,False,11:15–16:15,00:00–24:00,838.63,1526.3,0.0,595786.0,1638.0,594148.0,164456.0,1638.0,162819.0
2026-04-12,False,09:45–15:30,19:45–24:00,838.63,763.15,0.0,19764.0,1428.0,18336.0,365209.0,1428.0,363781.0
2026-04-13,False,08:00–13:00,22:45–24:00,838.63,195.0,595.6,23727.0,2333.0,21394.0,257982.0,2333.0,255649.0
2026-04-14,False,08:00–13:00,00:00–24:00,838.63,1331.3,0.0,345575.0,3529.0,342045.0,319453.0,3529.0,315924.0
2026-04-15,False,10:00–15:00,19:45–24:00,838.63,763.15,0.0,119238.0,341.0,118897.0,189972.0,341.0,189631.0
2026-04-16,False,08:00–15:30,08:45–24:00,856.49,779.4,0.0,-88009.0,2107.0,-90116.0,252926.0,2107.0,250819.0
2026-04-17,False,00:00–16:15,02:30–24:00,1052.91,958.15,0.0,12701.0,454.0,12247.0,345871.0,454.0,345417.0
