ts,actual,pred
2026-01-25 00:00:00,310.0,-182.27789306640625
2026-01-25 01:00:00,295.0,-100.51531982421875
2026-01-25 02:00:00,272.5,-72.11273193359375
2026-01-25 03:00:00,290.0,-37.191680908203125
2026-01-25 04:00:00,280.0,-53.8062744140625
2026-01-25 05:00:00,255.0,-108.15032958984375
2026-01-25 06:00:00,255.0,-75.63397216796875
2026-01-25 07:00:00,200.0,-62.72125244140625
2026-01-25 08:00:00,115.0,-198.7659912109375
2026-01-25 09:00:00,-23.78725,-343.61090087890625
2026-01-25 10:00:00,-50.0,-437.7802734375
2026-01-25 11:00:00,-26.9865,-351.13238525390625
2026-01-25 12:00:00,-50.0,-349.5682373046875
2026-01-25 13:00:00,20.792,-452.82769775390625
2026-01-25 14:00:00,188.039,-442.75726318359375
2026-01-25 15:00:00,-12.5,-625.8829956054688
2026-01-25 16:00:00,150.0,-517.1626586914062
2026-01-25 17:00:00,122.75,-320.9349365234375
2026-01-25 18:00:00,107.75,-82.8284912109375
2026-01-25 19:00:00,90.545746,-71.9906005859375
2026-01-25 20:00:00,6.0,-247.97369384765625
2026-01-25 21:00:00,98.542,-438.28070068359375
2026-01-25 22:00:00,128.95601,-584.4868774414062
2026-01-25 23:00:00,18.353,-628.3342895507812
2026-01-26 00:00:00,297.5,-474.04510498046875
2026-01-26 01:00:00,288.511,-410.43096923828125
2026-01-26 02:00:00,153.37201,-453.92449951171875
2026-01-26 03:00:00,206.776,-336.72320556640625
2026-01-26 04:00:00,255.6835,-174.93670654296875
2026-01-26 05:00:00,254.86525,64.32400512695312
2026-01-26 06:00:00,255.0,298.1102294921875
2026-01-26 07:00:00,291.111,543.512451171875
2026-01-26 08:00:00,273.844,97.97998046875
2026-01-26 09:00:00,130.0,-178.75897216796875
2026-01-26 10:00:00,176.25,-548.3223266601562
2026-01-26 11:00:00,303.60675,-688.4614868164062
2026-01-26 12:00:00,180.28925,-760.3998413085938
2026-01-26 13:00:00,63.854,-740.7933959960938
2026-01-26 14:00:00,-50.0,-580.3136596679688
2026-01-26 15:00:00,-35.0,-326.16180419921875
2026-01-26 16:00:00,715.0,454.7984924316406
2026-01-26 17:00:00,975.0,1432.4627685546875
2026-01-26 18:00:00,860.0,1565.032958984375
2026-01-26 19:00:00,982.5,1296.85546875
2026-01-26 20:00:00,537.5,1157.3177490234375
2026-01-26 21:00:00,705.0,1386.30029296875
2026-01-26 22:00:00,660.0,786.5731201171875
2026-01-26 23:00:00,770.0,1413.322509765625
2026-01-27 00:00:00,485.0,2080.330810546875
2026-01-27 01:00:00,382.5,1519.896728515625
2026-01-27 02:00:00,392.5,1521.210205078125
2026-01-27 03:00:00,375.0,1670.959716796875
2026-01-27 04:00:00,350.0,1474.2030029296875
2026-01-27 05:00:00,360.0,1449.15673828125
2026-01-27 06:00:00,397.5,1678.977294921875
2026-01-27 07:00:00,395.0,1858.3466796875
2026-01-27 08:00:00,392.5,985.5709228515625
2026-01-27 09:00:00,315.03125,582.7269287109375
2026-01-27 10:00:00,299.733,519.900390625
2026-01-27 11:00:00,552.5873,520.615966796875
2026-01-27 12:00:00,324.21225,366.8502197265625
2026-01-27 13:00:00,281.85925,206.79620361328125
2026-01-27 14:00:00,268.18326,56.210601806640625
2026-01-27 15:00:00,270.23224,229.74339294433594
2026-01-27 16:00:00,725.719,610.0250244140625
2026-01-27 17:00:00,736.25,1976.398193359375
2026-01-27 18:00:00,452.5,2353.24951171875
2026-01-27 19:00:00,720.08325,2276.726318359375
2026-01-27 20:00:00,337.5,1701.11279296875
2026-01-27 21:00:00,887.5,1693.40869140625
2026-01-27 22:00:00,773.5,964.47705078125
2026-01-27 23:00:00,846.0,820.994873046875
2026-01-28 00:00:00,808.0,579.5336303710938
2026-01-28 01:00:00,649.0,511.3812255859375
2026-01-28 02:00:00,763.75,475.00189208984375
2026-01-28 03:00:00,924.5,484.2261962890625
2026-01-28 04:00:00,1030.0,573.090087890625
2026-01-28 05:00:00,1055.0,928.776123046875
2026-01-28 06:00:00,1091.75,1153.12353515625
2026-01-28 07:00:00,971.0,957.47119140625
2026-01-28 08:00:00,808.75,418.46356201171875
2026-01-28 09:00:00,662.875,260.04248046875
2026-01-28 10:00:00,396.93924,289.9081115722656
2026-01-28 11:00:00,677.5,175.82269287109375
2026-01-28 12:00:00,872.0,-160.8072509765625
2026-01-28 13:00:00,462.5,-511.10223388671875
2026-01-28 14:00:00,292.5,-666.9043579101562
2026-01-28 15:00:00,378.75,-477.034912109375
2026-01-28 16:00:00,887.32947,372.2038879394531
2026-01-28 17:00:00,579.25,1460.897216796875
2026-01-28 18:00:00,362.5,2207.30859375
2026-01-28 19:00:00,497.5,1825.1728515625
2026-01-28 20:00:00,808.75,2451.8623046875
2026-01-28 21:00:00,925.5,2365.79248046875
2026-01-28 22:00:00,1068.0,2173.389404296875
2026-01-28 23:00:00,1034.25,1825.61181640625
2026-01-29 00:00:00,1021.75,1734.60546875
2026-01-29 01:00:00,1019.25,1420.041748046875
2026-01-29 02:00:00,1045.25,891.4041748046875
2026-01-29 03:00:00,874.5,876.0776977539062
2026-01-29 04:00:00,905.25,1084.0048828125
2026-01-29 05:00:00,558.7935,1085.08935546875
2026-01-29 06:00:00,764.0,1425.1024169921875
2026-01-29 07:00:00,470.0,1670.29052734375
2026-01-29 08:00:00,345.0,1134.2099609375
2026-01-29 09:00:00,474.50323,1090.48583984375
2026-01-29 10:00:00,672.253,1842.57421875
2026-01-29 11:00:00,943.18,1415.233642578125
2026-01-29 12:00:00,855.0,1129.797119140625
2026-01-29 13:00:00,692.5,783.9134521484375
2026-01-29 14:00:00,372.5,581.2509155273438
2026-01-29 15:00:00,564.46576,818.16259765625
2026-01-29 16:00:00,915.75,1210.6572265625
2026-01-29 17:00:00,633.75,767.5411376953125
2026-01-29 18:00:00,437.5,985.2025756835938
2026-01-29 19:00:00,395.0,580.197265625
2026-01-29 20:00:00,836.5,1138.1044921875
2026-01-29 21:00:00,1248.5,511.10577392578125
2026-01-29 22:00:00,1184.5,465.9822998046875
2026-01-29 23:00:00,814.5,731.2125244140625
2026-01-30 00:00:00,954.5,713.787353515625
2026-01-30 01:00:00,805.0,605.3162841796875
2026-01-30 02:00:00,445.0,718.4093017578125
2026-01-30 03:00:00,458.08276,624.3024291992188
2026-01-30 04:00:00,527.75,485.1318359375
2026-01-30 05:00:00,393.75,501.1607360839844
2026-01-30 06:00:00,350.0,522.3009643554688
2026-01-30 07:00:00,350.0,1178.686279296875
2026-01-30 08:00:00,487.5,310.21844482421875
2026-01-30 09:00:00,410.15448,97.9698486328125
2026-01-30 10:00:00,416.803,332.6133117675781
2026-01-30 11:00:00,418.689,528.0485229492188
2026-01-30 12:00:00,337.5,374.03973388671875
2026-01-30 13:00:00,195.0,243.8397674560547
2026-01-30 14:00:00,220.0,150.99029541015625
2026-01-30 15:00:00,140.0,-141.6319580078125
2026-01-30 16:00:00,280.0,163.787353515625
2026-01-30 17:00:00,562.5,898.4075927734375
2026-01-30 18:00:00,342.5,279.6437072753906
2026-01-30 19:00:00,342.5,315.44708251953125
2026-01-30 20:00:00,330.0,356.1899108886719
2026-01-30 21:00:00,345.0,331.5599670410156
2026-01-30 22:00:00,350.0,311.22998046875
2026-01-30 23:00:00,537.5,587.5418090820312
2026-01-31 00:00:00,345.0,1394.36083984375
2026-01-31 01:00:00,372.5,1155.088134765625
2026-01-31 02:00:00,340.0,661.7931518554688
2026-01-31 03:00:00,352.5,1174.826904296875
2026-01-31 04:00:00,460.0,1368.446533203125
2026-01-31 05:00:00,397.5,1204.3558349609375
2026-01-31 06:00:00,117.5,615.618408203125
2026-01-31 07:00:00,230.0,418.916748046875
2026-01-31 08:00:00,100.0,275.47442626953125
2026-01-31 09:00:00,-10.0,20.092681884765625
2026-01-31 10:00:00,-25.0,-157.71343994140625
2026-01-31 11:00:00,-50.0,-182.7086181640625
2026-01-31 12:00:00,-50.0,-457.322509765625
2026-01-31 13:00:00,-50.0,-495.37957763671875
2026-01-31 14:00:00,-50.0,-698.5383911132812
2026-01-31 15:00:00,-50.0,-707.4368286132812
2026-01-31 16:00:00,-50.0,-277.00732421875
2026-01-31 17:00:00,405.0,423.9752502441406
2026-01-31 18:00:00,282.5,366.1676025390625
2026-01-31 19:00:00,212.5,297.2926025390625
2026-01-31 20:00:00,222.23999,193.501708984375
2026-01-31 21:00:00,265.0,195.56991577148438
2026-01-31 22:00:00,280.0,-98.541015625
2026-01-31 23:00:00,318.06924,-245.4449462890625
2026-02-01 00:00:00,327.5,-316.90106201171875
2026-02-01 01:00:00,320.0,-238.3603515625
2026-02-01 02:00:00,311.25,-466.5123291015625
2026-02-01 03:00:00,362.5,-579.8842163085938
2026-02-01 04:00:00,205.0,-509.88897705078125
2026-02-01 05:00:00,231.0,-535.8516235351562
2026-02-01 06:00:00,25.0,-674.4773559570312
2026-02-01 07:00:00,122.25,-344.89141845703125
2026-02-01 08:00:00,68.3285,-484.91552734375
2026-02-01 09:00:00,-50.0,-774.8530883789062
2026-02-01 10:00:00,-50.0,-736.1786499023438
2026-02-01 11:00:00,-50.0,-640.2741088867188
2026-02-01 12:00:00,-50.0,-674.1487426757812
2026-02-01 13:00:00,-50.0,-652.1593627929688
2026-02-01 14:00:00,-50.0,-821.1576538085938
2026-02-01 15:00:00,-50.0,-965.5387573242188
2026-02-01 16:00:00,-50.0,-567.8806762695312
2026-02-01 17:00:00,215.25674,-16.854400634765625
2026-02-01 18:00:00,415.0,196.8682861328125
2026-02-01 19:00:00,310.0,213.72396850585938
2026-02-01 20:00:00,295.0,194.04949951171875
2026-02-01 21:00:00,400.0,310.8421630859375
2026-02-01 22:00:00,307.5,406.3517761230469
2026-02-01 23:00:00,562.5,400.0866394042969
2026-02-02 00:00:00,495.0,353.18670654296875
2026-02-02 01:00:00,480.0,448.69281005859375
2026-02-02 02:00:00,502.5,433.7543640136719
2026-02-02 03:00:00,600.0,446.64593505859375
2026-02-02 04:00:00,507.5,554.3997192382812
2026-02-02 05:00:00,430.0,529.288818359375
2026-02-02 06:00:00,112.5,421.7324523925781
2026-02-02 07:00:00,255.0,291.07366943359375
2026-02-02 08:00:00,272.5,250.0025634765625
2026-02-02 09:00:00,-23.221249,-124.9129638671875
2026-02-02 10:00:00,-50.0,-527.2784423828125
2026-02-02 11:00:00,277.5,-711.9006958007812
2026-02-02 12:00:00,12.5,-828.9161987304688
2026-02-02 13:00:00,-50.0,-904.3508911132812
2026-02-02 14:00:00,-50.0,-747.1126098632812
2026-02-02 15:00:00,-50.0,-512.9210205078125
2026-02-02 16:00:00,20.0,-90.5985107421875
2026-02-02 17:00:00,458.75,289.72979736328125
2026-02-02 18:00:00,197.5,324.951904296875
2026-02-02 19:00:00,35.0,239.30520629882812
2026-02-02 20:00:00,10.00675,235.73721313476562
2026-02-02 21:00:00,123.634,249.6899871826172
2026-02-02 22:00:00,-36.65975,-316.31243896484375
2026-02-02 23:00:00,-50.0,-235.15570068359375
2026-02-03 00:00:00,191.19325,-515.1776733398438
2026-02-03 01:00:00,245.0,-382.37542724609375
2026-02-03 02:00:00,170.0,-508.25982666015625
2026-02-03 03:00:00,165.0,-537.1515502929688
2026-02-03 04:00:00,197.5,-417.6405029296875
2026-02-03 05:00:00,225.0,-536.0997314453125
2026-02-03 06:00:00,186.98125,-652.0663452148438
2026-02-03 07:00:00,42.6555,-656.9313354492188
2026-02-03 08:00:00,-48.743248,-823.6549682617188
2026-02-03 09:00:00,-50.0,-544.9324951171875
2026-02-03 10:00:00,-50.0,-312.5452880859375
2026-02-03 11:00:00,-50.0,-677.4268188476562
2026-02-03 12:00:00,-50.0,-855.7523803710938
2026-02-03 13:00:00,-50.0,-834.4419555664062
2026-02-03 14:00:00,-50.0,-847.5050659179688
2026-02-03 15:00:00,-50.0,-828.5587768554688
2026-02-03 16:00:00,-50.0,-896.4192504882812
2026-02-03 17:00:00,-22.77775,-800.2755737304688
2026-02-03 18:00:00,27.8335,-593.0223999023438
2026-02-03 19:00:00,60.0,-575.0203247070312
2026-02-03 20:00:00,151.25325,-620.4545288085938
2026-02-03 21:00:00,184.6555,-497.20318603515625
2026-02-03 22:00:00,125.0,-549.6229248046875
2026-02-03 23:00:00,125.0,-708.3972778320312
2026-02-04 00:00:00,155.0,-424.39813232421875
2026-02-04 01:00:00,205.0,-401.9193115234375
2026-02-04 02:00:00,257.5,-514.966552734375
2026-02-04 03:00:00,102.5,-590.2764282226562
2026-02-04 04:00:00,-50.0,-518.3331909179688
2026-02-04 05:00:00,-50.0,-519.567138671875
2026-02-04 06:00:00,-50.0,-360.072021484375
2026-02-04 07:00:00,-50.0,-384.5133056640625
2026-02-04 08:00:00,-50.0,-509.21319580078125
2026-02-04 09:00:00,-50.0,-731.5850219726562
2026-02-04 10:00:00,-50.0,-749.2938842773438
2026-02-04 11:00:00,-50.0,-972.7742309570312
2026-02-04 12:00:00,-50.0,-1061.990966796875
2026-02-04 13:00:00,-50.0,-1120.335693359375
2026-02-04 14:00:00,-50.0,-1052.957763671875
2026-02-04 15:00:00,-50.0,-1143.861572265625
2026-02-04 16:00:00,-50.0,-1058.467041015625
2026-02-04 17:00:00,27.0,-481.09991455078125
2026-02-04 18:00:00,131.33325,-8.147186279296875
2026-02-04 19:00:00,25.106499,131.41635131835938
2026-02-04 20:00:00,55.0915,-90.87493896484375
2026-02-04 21:00:00,83.56575,23.8880615234375
2026-02-04 22:00:00,24.9525,210.75930786132812
2026-02-04 23:00:00,194.1,275.2186584472656
2026-02-05 00:00:00,365.0,468.06927490234375
2026-02-05 01:00:00,232.5,756.0452880859375
2026-02-05 02:00:00,330.0,589.4320068359375
2026-02-05 03:00:00,287.5,442.56414794921875
2026-02-05 04:00:00,292.5,359.983642578125
2026-02-05 05:00:00,325.0,286.7505187988281
2026-02-05 06:00:00,327.5,155.08761596679688
2026-02-05 07:00:00,476.0,725.4755249023438
2026-02-05 08:00:00,558.5,349.73974609375
2026-02-05 09:00:00,394.4765,316.24188232421875
2026-02-05 10:00:00,189.462,150.70849609375
2026-02-05 11:00:00,142.1875,-78.45562744140625
2026-02-05 12:00:00,-50.0,-525.8528442382812
2026-02-05 13:00:00,-50.0,-626.2505493164062
2026-02-05 14:00:00,-50.0,-593.8965454101562
2026-02-05 15:00:00,-50.0,-321.97576904296875
2026-02-05 16:00:00,700.0,174.05194091796875
2026-02-05 17:00:00,665.25,415.1120910644531
2026-02-05 18:00:00,627.0,415.5964050292969
2026-02-05 19:00:00,712.75,455.57177734375
2026-02-05 20:00:00,412.12924,534.793701171875
2026-02-05 21:00:00,534.28577,722.1883544921875
2026-02-05 22:00:00,500.0,561.734619140625
2026-02-05 23:00:00,487.5,1136.797119140625
2026-02-06 00:00:00,477.5,1372.8116455078125
2026-02-06 01:00:00,430.0,1005.1626586914062
2026-02-06 02:00:00,500.0,1297.5693359375
2026-02-06 03:00:00,590.6875,1223.28369140625
2026-02-06 04:00:00,793.5,1114.75390625
2026-02-06 05:00:00,751.9615,1021.196044921875
2026-02-06 06:00:00,425.0,1101.5029296875
2026-02-06 07:00:00,537.5,1802.715576171875
2026-02-06 08:00:00,436.53525,1084.7479248046875
2026-02-06 09:00:00,367.351,462.4715576171875
2026-02-06 10:00:00,195.0,383.4386901855469
2026-02-06 11:00:00,393.70276,101.02841186523438
2026-02-06 12:00:00,380.8665,-245.49664306640625
2026-02-06 13:00:00,233.62025,-502.01629638671875
2026-02-06 14:00:00,186.2875,-578.4137573242188
2026-02-06 15:00:00,-37.5,-712.1721801757812
2026-02-06 16:00:00,-50.0,-302.51837158203125
2026-02-06 17:00:00,135.93375,259.7418518066406
2026-02-06 18:00:00,64.0,323.4075927734375
2026-02-06 19:00:00,60.982,217.10540771484375
2026-02-06 20:00:00,60.0,74.86715698242188
2026-02-06 21:00:00,91.0,23.236541748046875
2026-02-06 22:00:00,170.0,-357.96429443359375
2026-02-06 23:00:00,107.5,-361.1920166015625
2026-02-07 00:00:00,20.0,-521.3959350585938
2026-02-07 01:00:00,-50.0,-450.2213134765625
2026-02-07 02:00:00,97.5,-523.6465454101562
2026-02-07 03:00:00,-50.0,-737.1425170898438
2026-02-07 04:00:00,120.0,-746.5507202148438
2026-02-07 05:00:00,0.0,-723.2501831054688
2026-02-07 06:00:00,50.0,-853.7321166992188
2026-02-07 07:00:00,140.0,-702.9298706054688
2026-02-07 08:00:00,-50.0,-684.0571899414062
2026-02-07 09:00:00,-50.0,-601.4973754882812
2026-02-07 10:00:00,-50.0,-596.8436889648438
2026-02-07 11:00:00,-50.0,-851.1940307617188
2026-02-07 12:00:00,-50.0,-863.2594604492188
2026-02-07 13:00:00,-50.0,-927.1004028320312
2026-02-07 14:00:00,-50.0,-972.0636596679688
2026-02-07 15:00:00,-50.0,-809.4130249023438
2026-02-07 16:00:00,-50.0,-372.9925537109375
2026-02-07 17:00:00,289.87,242.9599151611328
2026-02-07 18:00:00,310.0,785.1898193359375
2026-02-07 19:00:00,302.5,720.316162109375
2026-02-07 20:00:00,305.0,493.8938903808594
2026-02-07 21:00:00,330.0,284.3165283203125
2026-02-07 22:00:00,325.0,284.8422546386719
2026-02-07 23:00:00,265.0,137.48260498046875
2026-02-08 00:00:00,175.0,196.64242553710938
2026-02-08 01:00:00,287.5,168.56289672851562
2026-02-08 02:00:00,330.0,127.51202392578125
2026-02-08 03:00:00,270.0,-31.479583740234375
2026-02-08 04:00:00,135.0,16.249359130859375
2026-02-08 05:00:00,210.0,-124.9532470703125
2026-02-08 06:00:00,245.0,-285.9134521484375
2026-02-08 07:00:00,180.0,-160.79986572265625
2026-02-08 08:00:00,-50.0,-125.1639404296875
2026-02-08 09:00:00,-50.0,-297.30377197265625
2026-02-08 10:00:00,-50.0,-603.5578002929688
2026-02-08 11:00:00,-50.0,-648.3253784179688
2026-02-08 12:00:00,-50.0,-712.1727905273438
2026-02-08 13:00:00,-50.0,-717.2942504882812
2026-02-08 14:00:00,-50.0,-806.3927612304688
2026-02-08 15:00:00,-50.0,-1034.5927734375
2026-02-08 16:00:00,-49.47175,-677.6690063476562
2026-02-08 17:00:00,288.0,-252.0230712890625
2026-02-08 18:00:00,-29.5,-175.80352783203125
2026-02-08 19:00:00,24.0,-263.54229736328125
2026-02-08 20:00:00,42.0,-536.7859497070312
2026-02-08 21:00:00,24.75,-323.39007568359375
2026-02-08 22:00:00,12.25,-370.44171142578125
2026-02-08 23:00:00,-37.5,-482.08026123046875
2026-02-09 00:00:00,32.04425,-408.75494384765625
2026-02-09 01:00:00,20.057499,-481.9437255859375
2026-02-09 02:00:00,-50.0,-410.9376220703125
2026-02-09 03:00:00,-50.0,-408.0875244140625
2026-02-09 04:00:00,-50.0,-433.268310546875
2026-02-09 05:00:00,-50.0,-385.585693359375
2026-02-09 06:00:00,-50.0,-360.3006591796875
2026-02-09 07:00:00,5.791752,-294.34234619140625
2026-02-09 08:00:00,54.107002,-295.3687744140625
2026-02-09 09:00:00,-50.0,-389.39117431640625
2026-02-09 10:00:00,-50.0,-589.2243041992188
2026-02-09 11:00:00,0.0,-517.0083618164062
2026-02-09 12:00:00,35.0,-480.93914794921875
2026-02-09 13:00:00,-37.5,-596.7191772460938
2026-02-09 14:00:00,-50.0,-541.9924926757812
2026-02-09 15:00:00,-50.0,-421.95330810546875
2026-02-09 16:00:00,222.5,-267.62646484375
2026-02-09 17:00:00,207.5,61.629241943359375
2026-02-09 18:00:00,-49.60575,140.63027954101562
2026-02-09 19:00:00,-49.25,-36.269439697265625
2026-02-09 20:00:00,-48.013,-300.57904052734375
2026-02-09 21:00:00,-50.0,-130.557861328125
2026-02-09 22:00:00,-49.260498,-294.197021484375
2026-02-09 23:00:00,-50.0,-335.2152099609375
2026-02-10 00:00:00,245.09625,-162.3021240234375
2026-02-10 01:00:00,257.5,-21.96246337890625
2026-02-10 02:00:00,102.5,-57.166259765625
2026-02-10 03:00:00,200.0,-75.1063232421875
2026-02-10 04:00:00,110.0315,-11.10888671875
2026-02-10 05:00:00,182.87575,27.899383544921875
2026-02-10 06:00:00,141.6165,-2.727935791015625
2026-02-10 07:00:00,216.15475,0.991912841796875
2026-02-10 08:00:00,152.15399,19.647674560546875
2026-02-10 09:00:00,1.0577507,-87.45037841796875
2026-02-10 10:00:00,-50.0,-356.53302001953125
2026-02-10 11:00:00,-50.0,-393.44232177734375
2026-02-10 12:00:00,-50.0,-584.9590454101562
2026-02-10 13:00:00,-50.0,-659.8615112304688
2026-02-10 14:00:00,-50.0,-731.1358032226562
2026-02-10 15:00:00,262.93274,-492.6431884765625
2026-02-10 16:00:00,563.4555,134.09317016601562
2026-02-10 17:00:00,602.19574,388.4541320800781
2026-02-10 18:00:00,405.0,737.8975830078125
2026-02-10 19:00:00,355.0,607.5104370117188
2026-02-10 20:00:00,187.5,330.5963134765625
2026-02-10 21:00:00,247.8915,301.89404296875
2026-02-10 22:00:00,215.72275,67.19760131835938
2026-02-10 23:00:00,82.5,-106.95684814453125
2026-02-11 00:00:00,250.0,8.80657958984375
2026-02-11 01:00:00,-25.0,-65.23089599609375
2026-02-11 02:00:00,115.0,-238.67645263671875
2026-02-11 03:00:00,75.0,-286.42901611328125
2026-02-11 04:00:00,-49.0065,-629.4070434570312
2026-02-11 05:00:00,-50.0,-691.8810424804688
2026-02-11 06:00:00,-50.0,-514.5576782226562
2026-02-11 07:00:00,-50.0,-390.60040283203125
2026-02-11 08:00:00,-50.0,-574.5497436523438
2026-02-11 09:00:00,-50.0,-720.8690795898438
2026-02-11 10:00:00,-50.0,-964.7910766601562
2026-02-11 11:00:00,-50.0,-1091.353759765625
2026-02-11 12:00:00,-50.0,-1057.390625
2026-02-11 13:00:00,-50.0,-1082.935546875
2026-02-11 14:00:00,-50.0,-1086.891357421875
2026-02-11 15:00:00,-50.0,-1050.464599609375
2026-02-11 16:00:00,-50.0,-855.6921997070312
2026-02-11 17:00:00,-7.0,-32.0792236328125
2026-02-11 18:00:00,22.75,47.9669189453125
2026-02-11 19:00:00,129.5,-22.43212890625
2026-02-11 20:00:00,54.75,-9.949462890625
2026-02-11 21:00:00,129.5,-225.09051513671875
2026-02-11 22:00:00,233.09625,-193.26031494140625
2026-02-11 23:00:00,240.0,-120.15423583984375
2026-02-12 00:00:00,260.0,-9.850494384765625
2026-02-12 01:00:00,260.0,25.137420654296875
2026-02-12 02:00:00,262.5,34.78082275390625
2026-02-12 03:00:00,305.0,77.00326538085938
2026-02-12 04:00:00,260.0,-123.71832275390625
2026-02-12 05:00:00,2.5,-285.22686767578125
2026-02-12 06:00:00,198.156,-267.58941650390625
2026-02-12 07:00:00,214.06226,-244.17791748046875
2026-02-12 08:00:00,24.974499,-211.2567138671875
2026-02-12 09:00:00,-37.4455,-605.6538696289062
2026-02-12 10:00:00,-50.0,-659.3207397460938
2026-02-12 11:00:00,-50.0,-660.9119262695312
2026-02-12 12:00:00,-50.0,-728.9241333007812
2026-02-12 13:00:00,-50.0,-844.8510131835938
2026-02-12 14:00:00,-50.0,-848.4296264648438
2026-02-12 15:00:00,-50.0,-686.5534057617188
2026-02-12 16:00:00,342.25,-415.166748046875
2026-02-12 17:00:00,429.45575,187.94210815429688
2026-02-12 18:00:00,113.5,685.1109619140625
2026-02-12 19:00:00,88.25,415.3272705078125
2026-02-12 20:00:00,-49.5,126.46420288085938
2026-02-12 21:00:00,25.25,105.87469482421875
2026-02-12 22:00:00,14.25,-194.82611083984375
2026-02-12 23:00:00,162.78925,-342.550537109375
2026-02-13 00:00:00,100.38575,-283.061767578125
2026-02-13 01:00:00,262.5,-432.0546875
2026-02-13 02:00:00,165.0,-467.58721923828125
2026-02-13 03:00:00,65.0,-530.7542114257812
2026-02-13 04:00:00,62.918503,-668.9541625976562
2026-02-13 05:00:00,-48.5,-581.8163452148438
2026-02-13 06:00:00,-52.0895,-490.42303466796875
2026-02-13 07:00:00,-17.344498,-493.11492919921875
2026-02-13 08:00:00,-50.0,-724.0993041992188
2026-02-13 09:00:00,-50.0,-815.3047485351562
2026-02-13 10:00:00,-50.0,-819.5761108398438
2026-02-13 11:00:00,-50.0,-913.0079956054688
2026-02-13 12:00:00,-50.0,-965.3180541992188
2026-02-13 13:00:00,-50.0,-980.3042602539062
2026-02-13 14:00:00,-50.0,-929.1470336914062
2026-02-13 15:00:00,-50.0,-871.9845581054688
2026-02-13 16:00:00,-50.0,-776.5650024414062
2026-02-13 17:00:00,-48.695248,-627.4616088867188
2026-02-13 18:00:00,-26.133,-115.824462890625
2026-02-13 19:00:00,11.485,-284.33984375
2026-02-13 20:00:00,8.924999,-242.28936767578125
2026-02-13 21:00:00,181.10175,-253.119140625
2026-02-13 22:00:00,13.243004,-422.095458984375
2026-02-13 23:00:00,32.075,-594.9237670898438
2026-02-14 00:00:00,-49.493248,-513.873779296875
2026-02-14 01:00:00,-50.0,-493.72784423828125
2026-02-14 02:00:00,-50.0,-529.205078125
2026-02-14 03:00:00,-50.0,-405.1282958984375
2026-02-14 04:00:00,-37.5,-511.74395751953125
2026-02-14 05:00:00,45.0,-504.56207275390625
2026-02-14 06:00:00,-12.5,-481.12103271484375
2026-02-14 07:00:00,-50.0,-421.855712890625
2026-02-14 08:00:00,-50.0,-494.0748291015625
2026-02-14 09:00:00,-50.0,-853.0403442382812
2026-02-14 10:00:00,-50.0,-759.3130493164062
2026-02-14 11:00:00,-50.0,-778.6738891601562
2026-02-14 12:00:00,-50.0,-808.0487670898438
2026-02-14 13:00:00,-50.0,-786.6517944335938
2026-02-14 14:00:00,-50.0,-828.8789672851562
2026-02-14 15:00:00,-50.0,-869.0426635742188
2026-02-14 16:00:00,-50.0,-807.2448120117188
2026-02-14 17:00:00,-50.0,-644.4971313476562
2026-02-14 18:00:00,-46.47925,-588.7780151367188
2026-02-14 19:00:00,-12.49625,-663.8270874023438
2026-02-14 20:00:00,-50.0,-635.7179565429688
2026-02-14 21:00:00,-50.0,-611.5833129882812
2026-02-14 22:00:00,-50.0,-655.6126098632812
2026-02-14 23:00:00,-50.0,-380.73126220703125
2026-02-15 00:00:00,212.5,-107.72515869140625
2026-02-15 01:00:00,195.0,102.24093627929688
2026-02-15 02:00:00,272.5,364.6090087890625
2026-02-15 03:00:00,290.0,217.8175506591797
2026-02-15 04:00:00,292.5,270.5093994140625
2026-02-15 05:00:00,280.0,277.1544189453125
2026-02-15 06:00:00,142.5,416.8197937011719
2026-02-15 07:00:00,175.0,393.00360107421875
2026-02-15 08:00:00,-50.0,-330.6572265625
2026-02-15 09:00:00,-50.0,-862.5809936523438
2026-02-15 10:00:00,-50.0,-1053.366455078125
2026-02-15 11:00:00,-50.0,-1072.02978515625
2026-02-15 12:00:00,-50.0,-1042.465087890625
2026-02-15 13:00:00,-50.0,-1047.230224609375
2026-02-15 14:00:00,-50.0,-994.0621948242188
2026-02-15 15:00:00,-50.0,-843.8840942382812
2026-02-15 16:00:00,-25.0,20.23828125
2026-02-15 17:00:00,342.5,423.9829406738281
2026-02-15 18:00:00,370.0,1316.064453125
2026-02-15 19:00:00,317.5,1301.2197265625
2026-02-15 20:00:00,290.0,1192.7833251953125
2026-02-15 21:00:00,300.0,1356.95947265625
2026-02-15 22:00:00,322.5,1151.079345703125
2026-02-15 23:00:00,435.0,1494.39404296875
2026-02-16 00:00:00,340.0,1700.444091796875
2026-02-16 01:00:00,340.0,1125.1685791015625
2026-02-16 02:00:00,340.0,840.3038940429688
2026-02-16 03:00:00,340.0,831.0531005859375
2026-02-16 04:00:00,340.0,1117.541748046875
2026-02-16 05:00:00,340.0,967.6036376953125
2026-02-16 06:00:00,340.0,939.0540771484375
2026-02-16 07:00:00,332.5,1086.5679931640625
2026-02-16 08:00:00,130.0,373.3921813964844
2026-02-16 09:00:00,-50.0,42.791656494140625
2026-02-16 10:00:00,-50.0,-46.19769287109375
2026-02-16 11:00:00,62.5,-289.135986328125
2026-02-16 12:00:00,-25.0,-300.9136962890625
2026-02-16 13:00:00,-50.0,-494.48138427734375
2026-02-16 14:00:00,-50.0,-618.1884155273438
2026-02-16 15:00:00,-50.0,-660.9703979492188
2026-02-16 16:00:00,110.0,126.49325561523438
2026-02-16 17:00:00,257.5,1562.2041015625
2026-02-16 18:00:00,295.0,1897.3203125
2026-02-16 19:00:00,280.0,1250.7508544921875
2026-02-16 20:00:00,257.5,962.500244140625
2026-02-16 21:00:00,265.0,911.5767822265625
2026-02-16 22:00:00,275.0,930.21240234375
2026-02-16 23:00:00,315.0,561.56689453125
2026-02-17 00:00:00,215.0,273.38861083984375
2026-02-17 01:00:00,242.5,251.51068115234375
2026-02-17 02:00:00,265.0,39.102630615234375
2026-02-17 03:00:00,-12.5,-148.85675048828125
2026-02-17 04:00:00,12.5,-209.12408447265625
2026-02-17 05:00:00,-37.5,-493.25
2026-02-17 06:00:00,-50.0,-430.6129150390625
2026-02-17 07:00:00,-50.0,-516.0411987304688
2026-02-17 08:00:00,-50.0,-680.5377807617188
2026-02-17 09:00:00,-50.0,-730.3281860351562
2026-02-17 10:00:00,-50.0,-910.2318725585938
2026-02-17 11:00:00,-50.0,-945.1878051757812
2026-02-17 12:00:00,-50.0,-1067.907470703125
2026-02-17 13:00:00,-50.0,-1121.422607421875
2026-02-17 14:00:00,-50.0,-1183.83544921875
2026-02-17 15:00:00,-50.0,-1190.699462890625
2026-02-17 16:00:00,-50.0,-1012.1701049804688
2026-02-17 17:00:00,-50.0,-578.5170288085938
2026-02-17 18:00:00,-50.0,-508.0240478515625
2026-02-17 19:00:00,-50.0,-453.9017333984375
2026-02-17 20:00:00,-50.0,-682.8999633789062
2026-02-17 21:00:00,-50.0,-686.1106567382812
2026-02-17 22:00:00,-50.0,-705.1918334960938
2026-02-17 23:00:00,-50.0,-583.5293579101562
2026-02-18 00:00:00,-50.0,-373.405029296875
2026-02-18 01:00:00,-50.0,-566.6752319335938
2026-02-18 02:00:00,-50.0,-516.79345703125
2026-02-18 03:00:00,-50.0,-460.787353515625
2026-02-18 04:00:00,-50.0,-369.80450439453125
2026-02-18 05:00:00,12.5,-244.4375
2026-02-18 06:00:00,0.0,-285.065185546875
2026-02-18 07:00:00,-50.0,-538.244140625
2026-02-18 08:00:00,-50.0,-851.0761108398438
2026-02-18 09:00:00,-50.0,-966.8054809570312
2026-02-18 10:00:00,-50.0,-826.9440307617188
2026-02-18 11:00:00,-50.0,-740.3233032226562
2026-02-18 12:00:00,-50.0,-887.6141967773438
2026-02-18 13:00:00,-50.0,-959.6803588867188
2026-02-18 14:00:00,-50.0,-970.6100463867188
2026-02-18 15:00:00,-50.0,-992.4826049804688
2026-02-18 16:00:00,-50.0,-998.1768188476562
2026-02-18 17:00:00,-50.0,-873.6605834960938
2026-02-18 18:00:00,-50.0,-697.4286499023438
2026-02-18 19:00:00,-50.346,-707.3709106445312
2026-02-18 20:00:00,-50.0,-840.7350463867188
2026-02-18 21:00:00,-50.0,-1060.578125
2026-02-18 22:00:00,-50.0,-1129.364501953125
2026-02-18 23:00:00,-50.0,-1170.114013671875
2026-02-19 00:00:00,-50.0,-1020.0773315429688
2026-02-19 01:00:00,-50.0,-964.4295043945312
2026-02-19 02:00:00,-50.0,-961.2875366210938
2026-02-19 03:00:00,-50.0,-1026.0322265625
2026-02-19 04:00:00,-50.0,-1007.4561157226562
2026-02-19 05:00:00,-50.0,-984.4071655273438
2026-02-19 06:00:00,-50.0,-912.5889282226562
2026-02-19 07:00:00,-50.0,-951.0956420898438
2026-02-19 08:00:00,-50.0,-1141.753662109375
2026-02-19 09:00:00,-50.0,-1152.51708984375
2026-02-19 10:00:00,-50.0,-1243.89453125
2026-02-19 11:00:00,-50.0,-1246.72998046875
2026-02-19 12:00:00,-50.0,-1268.46533203125
2026-02-19 13:00:00,-50.0,-1309.71142578125
2026-02-19 14:00:00,-50.0,-1313.057373046875
2026-02-19 15:00:00,-50.0,-1258.534423828125
2026-02-19 16:00:00,-50.0,-1154.767578125
2026-02-19 17:00:00,-50.0,-695.2915649414062
2026-02-19 18:00:00,-50.086502,-602.4214477539062
2026-02-19 19:00:00,-51.211998,-625.4598999023438
2026-02-19 20:00:00,-50.0,-679.9183959960938
2026-02-19 21:00:00,-50.0,-847.7521362304688
2026-02-19 22:00:00,-50.0,-852.0379028320312
2026-02-19 23:00:00,-50.0,-878.7285766601562
2026-02-20 00:00:00,-50.0,-887.5070190429688
2026-02-20 01:00:00,-50.0,-836.0209350585938
2026-02-20 02:00:00,-50.0,-815.3003540039062
2026-02-20 03:00:00,-50.0,-912.7755737304688
2026-02-20 04:00:00,-50.0,-935.8159790039062
2026-02-20 05:00:00,-50.0,-878.6493530273438
2026-02-20 06:00:00,-50.0,-892.4060668945312
2026-02-20 07:00:00,-50.0,-984.9758911132812
2026-02-20 08:00:00,-50.0,-1206.65869140625
2026-02-20 09:00:00,-50.0,-1211.95849609375
2026-02-20 10:00:00,-50.0,-1324.4931640625
2026-02-20 11:00:00,-50.0,-1421.642333984375
2026-02-20 12:00:00,-50.0,-1464.536865234375
2026-02-20 13:00:00,-50.0,-1474.7041015625
2026-02-20 14:00:00,-50.0,-1466.01220703125
2026-02-20 15:00:00,-50.0,-1316.41162109375
2026-02-20 16:00:00,-50.0,-1013.6328735351562
2026-02-20 17:00:00,-50.0,-776.9253540039062
2026-02-20 18:00:00,-50.0,-626.8429565429688
2026-02-20 19:00:00,-50.0,-589.6655883789062
2026-02-20 20:00:00,-50.0,-573.0100708007812
2026-02-20 21:00:00,-50.0,-623.5907592773438
2026-02-20 22:00:00,-50.0,-651.2042846679688
2026-02-20 23:00:00,-50.0,-695.0363159179688
2026-02-21 00:00:00,-50.0,-678.1096801757812
2026-02-21 01:00:00,-50.0,-872.5390014648438
2026-02-21 02:00:00,-50.0,-930.0331420898438
2026-02-21 03:00:00,-50.0,-938.7810668945312
2026-02-21 04:00:00,-50.0,-967.2610473632812
2026-02-21 05:00:00,-50.0,-921.7233276367188
2026-02-21 06:00:00,-50.0,-906.1074829101562
2026-02-21 07:00:00,-50.0,-1040.9609375
2026-02-21 08:00:00,-50.0,-1189.460693359375
2026-02-21 09:00:00,-50.0,-1264.00244140625
2026-02-21 10:00:00,-50.0,-1471.4130859375
2026-02-21 11:00:00,-50.0,-1514.162841796875
2026-02-21 12:00:00,-50.0,-1536.24267578125
2026-02-21 13:00:00,-50.0,-1521.737060546875
2026-02-21 14:00:00,-50.0,-1471.704345703125
2026-02-21 15:00:00,-50.0,-1377.481689453125
2026-02-21 16:00:00,-50.0,-1120.087890625
2026-02-21 17:00:00,41.75,-557.1785278320312
2026-02-21 18:00:00,93.27075,-384.2947998046875
2026-02-21 19:00:00,163.952,-360.6666259765625
2026-02-21 20:00:00,243.2985,-253.63323974609375
2026-02-21 21:00:00,249.0865,-185.78009033203125
2026-02-21 22:00:00,285.0,-92.9107666015625
2026-02-21 23:00:00,285.0,50.542938232421875
2026-02-22 00:00:00,-37.5,115.13400268554688
2026-02-22 01:00:00,-50.0,129.46112060546875
2026-02-22 02:00:00,-50.0,61.35150146484375
2026-02-22 03:00:00,-50.0,97.8585205078125
2026-02-22 04:00:00,-50.0,160.83673095703125
2026-02-22 05:00:00,-50.0,215.0324249267578
2026-02-22 06:00:00,-50.0,249.71435546875
2026-02-22 07:00:00,-50.0,210.39645385742188
2026-02-22 08:00:00,-50.0,-24.992218017578125
2026-02-22 09:00:00,-50.0,-635.7664184570312
2026-02-22 10:00:00,-50.0,-1035.775390625
2026-02-22 11:00:00,-50.0,-1059.877685546875
2026-02-22 12:00:00,-50.0,-1154.35498046875
2026-02-22 13:00:00,-50.0,-1189.038818359375
2026-02-22 14:00:00,-50.0,-1219.6162109375
2026-02-22 15:00:00,-50.0,-1184.614990234375
2026-02-22 16:00:00,-50.0,-463.401123046875
2026-02-22 17:00:00,127.5,183.72280883789062
2026-02-22 18:00:00,125.735504,420.9518127441406
2026-02-22 19:00:00,97.70475,540.2843627929688
2026-02-22 20:00:00,152.04926,418.08709716796875
2026-02-22 21:00:00,225.0,350.1114196777344
2026-02-22 22:00:00,220.0,368.17962646484375
2026-02-22 23:00:00,252.5,367.59173583984375
2026-02-23 00:00:00,100.0,353.711181640625
2026-02-23 01:00:00,222.5,257.419677734375
2026-02-23 02:00:00,280.0,291.30401611328125
2026-02-23 03:00:00,242.5,232.12620544433594
2026-02-23 04:00:00,25.0,-43.02288818359375
2026-02-23 05:00:00,-37.5,-218.26318359375
2026-02-23 06:00:00,122.5,-266.56658935546875
2026-02-23 07:00:00,150.0,-256.52099609375
2026-02-23 08:00:00,-37.5,-510.8031005859375
2026-02-23 09:00:00,-50.0,-769.7411499023438
2026-02-23 10:00:00,-50.0,-964.7202758789062
2026-02-23 11:00:00,-50.0,-1070.93505859375
2026-02-23 12:00:00,-50.0,-1128.0322265625
2026-02-23 13:00:00,-50.0,-1139.13037109375
2026-02-23 14:00:00,-50.0,-1116.5478515625
2026-02-23 15:00:00,-50.0,-1022.6069946289062
2026-02-23 16:00:00,-50.0,-713.2073364257812
2026-02-23 17:00:00,347.5,-46.6998291015625
2026-02-23 18:00:00,352.5,428.2872314453125
2026-02-23 19:00:00,270.0,604.176513671875
2026-02-23 20:00:00,282.5,486.78778076171875
2026-02-23 21:00:00,212.5,440.2612609863281
2026-02-23 22:00:00,197.5,460.4168701171875
2026-02-23 23:00:00,232.5,373.00048828125
2026-02-24 00:00:00,317.5,379.61358642578125
2026-02-24 01:00:00,240.0,297.15087890625
2026-02-24 02:00:00,187.5,327.8292236328125
2026-02-24 03:00:00,275.0,339.8718566894531
2026-02-24 04:00:00,280.0,310.0304260253906
2026-02-24 05:00:00,175.0,204.84127807617188
2026-02-24 06:00:00,-50.0,6.473419189453125
2026-02-24 07:00:00,-50.0,-155.18634033203125
2026-02-24 08:00:00,-50.0,-208.68341064453125
2026-02-24 09:00:00,-50.0,-364.57373046875
2026-02-24 10:00:00,-50.0,-670.9127807617188
2026-02-24 11:00:00,-50.0,-890.8955688476562
2026-02-24 12:00:00,-50.0,-965.5298461914062
2026-02-24 13:00:00,-50.0,-1009.8966674804688
2026-02-24 14:00:00,-50.0,-1084.571044921875
2026-02-24 15:00:00,-50.0,-988.0780639648438
2026-02-24 16:00:00,-50.0,-832.9885864257812
2026-02-24 17:00:00,-51.0,-898.7998657226562
2026-02-24 18:00:00,68.5,-670.3547973632812
2026-02-24 19:00:00,-53.99625,-716.2721557617188
2026-02-24 20:00:00,-50.0,-891.3370971679688
2026-02-24 21:00:00,-50.0,-1050.48876953125
2026-02-24 22:00:00,-50.0,-1092.943359375
2026-02-24 23:00:00,-50.0,-1092.61865234375
2026-02-25 00:00:00,-50.0,-1184.264404296875
2026-02-25 01:00:00,-50.0,-1167.85595703125
2026-02-25 02:00:00,-50.0,-1114.6875
2026-02-25 03:00:00,-50.0,-1084.095458984375
2026-02-25 04:00:00,-50.0,-1038.268798828125
2026-02-25 05:00:00,-50.0,-912.4367065429688
2026-02-25 06:00:00,-36.283253,-694.5973510742188
2026-02-25 07:00:00,-50.0,-537.7376708984375
2026-02-25 08:00:00,47.5,-435.310791015625
2026-02-25 09:00:00,-50.0,-416.78179931640625
2026-02-25 10:00:00,-50.0,-180.87274169921875
2026-02-25 11:00:00,-50.0,-119.18768310546875
2026-02-25 12:00:00,-50.0,-189.859130859375
2026-02-25 13:00:00,-50.0,-253.84320068359375
2026-02-25 14:00:00,-50.0,-266.44219970703125
2026-02-25 15:00:00,-50.0,-113.0345458984375
2026-02-25 16:00:00,145.808,301.4256591796875
2026-02-25 17:00:00,312.5,444.0000305175781
2026-02-25 18:00:00,302.5,550.9275512695312
2026-02-25 19:00:00,280.0,555.052490234375
2026-02-25 20:00:00,277.5,483.483642578125
2026-02-25 21:00:00,285.0,444.93743896484375
2026-02-25 22:00:00,297.5,488.83404541015625
2026-02-25 23:00:00,372.5,666.356689453125
2026-02-26 00:00:00,400.0,948.397216796875
2026-02-26 01:00:00,329.47424,806.8424072265625
2026-02-26 02:00:00,441.55273,766.4351806640625
2026-02-26 03:00:00,482.3465,724.952880859375
2026-02-26 04:00:00,326.69077,567.8734741210938
2026-02-26 05:00:00,251.13501,512.7183837890625
2026-02-26 06:00:00,385.7555,638.1170654296875
2026-02-26 07:00:00,286.8955,495.9097900390625
2026-02-26 08:00:00,281.75,430.5030212402344
2026-02-26 09:00:00,209.73373,357.48443603515625
2026-02-26 10:00:00,390.0,246.03456115722656
2026-02-26 11:00:00,375.0,187.96432495117188
2026-02-26 12:00:00,247.5,-0.096649169921875
2026-02-26 13:00:00,197.5,-129.79168701171875
2026-02-26 14:00:00,257.5,-294.1766357421875
2026-02-26 15:00:00,-13.0235,-412.76727294921875
2026-02-26 16:00:00,193.90575,87.18731689453125
2026-02-26 17:00:00,39.93875,293.91558837890625
2026-02-26 18:00:00,70.9385,367.9208679199219
2026-02-26 19:00:00,-29.25,371.7135314941406
2026-02-26 20:00:00,20.75,380.4439392089844
2026-02-26 21:00:00,129.67924,330.11029052734375
2026-02-26 22:00:00,262.5,291.4245910644531
2026-02-26 23:00:00,147.5,336.7802734375
2026-02-27 00:00:00,63.173,414.8813171386719
2026-02-27 01:00:00,-0.79175,319.38824462890625
2026-02-27 02:00:00,117.5,314.5430908203125
2026-02-27 03:00:00,162.5,339.50634765625
2026-02-27 04:00:00,152.5,328.3668212890625
2026-02-27 05:00:00,175.0,311.3726806640625
2026-02-27 06:00:00,197.5,263.1627197265625
2026-02-27 07:00:00,209.86375,391.5303649902344
2026-02-27 08:00:00,461.75,234.3973846435547
2026-02-27 09:00:00,311.25198,77.3011474609375
2026-02-27 10:00:00,235.95425,-269.401123046875
2026-02-27 11:00:00,440.1785,-320.24249267578125
2026-02-27 12:00:00,482.087,-259.5748291015625
2026-02-27 13:00:00,357.27875,-320.7276611328125
2026-02-27 14:00:00,326.55927,-444.2620849609375
2026-02-27 15:00:00,222.0,-418.07666015625
2026-02-27 16:00:00,458.75,19.62640380859375
2026-02-27 17:00:00,518.75,234.4854278564453
2026-02-27 18:00:00,62.08425,245.46351623535156
2026-02-27 19:00:00,51.730255,105.22335815429688
2026-02-27 20:00:00,-23.031498,18.605743408203125
2026-02-27 21:00:00,156.42276,-29.494720458984375
2026-02-27 22:00:00,185.0,38.12127685546875
2026-02-27 23:00:00,137.5,-108.73876953125
2026-02-28 00:00:00,132.5,-137.88336181640625
2026-02-28 01:00:00,187.5,-202.4840087890625
2026-02-28 02:00:00,172.5,-212.66131591796875
2026-02-28 03:00:00,157.5,-234.3389892578125
2026-02-28 04:00:00,160.0,-432.58990478515625
2026-02-28 05:00:00,45.0,-483.50018310546875
2026-02-28 06:00:00,50.0,-344.62237548828125
2026-02-28 07:00:00,82.5,-286.0355224609375
2026-02-28 08:00:00,107.9675,117.37799072265625
2026-02-28 09:00:00,157.5,83.14218139648438
2026-02-28 10:00:00,190.14551,-96.11553955078125
2026-02-28 11:00:00,90.50675,-277.676025390625
2026-02-28 12:00:00,96.118256,-206.26824951171875
2026-02-28 13:00:00,334.38623,-319.3643798828125
2026-02-28 14:00:00,391.3125,-206.08258056640625
2026-02-28 15:00:00,205.0,-200.65155029296875
2026-02-28 16:00:00,359.75,71.5765380859375
2026-02-28 17:00:00,626.7877,360.13128662109375
2026-02-28 18:00:00,266.56024,502.161376953125
2026-02-28 19:00:00,260.0,617.560302734375
2026-02-28 20:00:00,267.5,510.0082092285156
2026-02-28 21:00:00,242.5,631.2479858398438
2026-02-28 22:00:00,265.0,601.9525756835938
2026-02-28 23:00:00,372.5,752.1390380859375
2026-03-01 00:00:00,721.5,575.0286254882812
2026-03-01 01:00:00,819.75,485.19036865234375
2026-03-01 02:00:00,719.36725,639.4957885742188
2026-03-01 03:00:00,655.24426,740.8992919921875
2026-03-01 04:00:00,674.82574,554.0371704101562
2026-03-01 05:00:00,331.393,351.2870788574219
2026-03-01 06:00:00,592.2853,284.32330322265625
2026-03-01 07:00:00,343.5,1631.443603515625
2026-03-01 08:00:00,342.5,339.94384765625
2026-03-01 09:00:00,203.65225,169.12545776367188
2026-03-01 10:00:00,278.945,63.36083984375
2026-03-01 11:00:00,290.0,-47.1220703125
2026-03-01 12:00:00,300.0,119.11294555664062
2026-03-01 13:00:00,271.44727,298.9931335449219
2026-03-01 14:00:00,385.0,483.5521545410156
2026-03-01 15:00:00,487.47498,135.67971801757812
2026-03-01 16:00:00,344.906,272.857666015625
2026-03-01 17:00:00,417.5,352.5270080566406
2026-03-01 18:00:00,380.0,70.65219116210938
2026-03-01 19:00:00,302.5,58.991912841796875
2026-03-01 20:00:00,282.5,-243.04638671875
2026-03-01 21:00:00,307.5,-379.64581298828125
2026-03-01 22:00:00,210.0,-479.73638916015625
2026-03-01 23:00:00,207.00723,-367.6256103515625
2026-03-02 00:00:00,-49.45975,-392.98504638671875
2026-03-02 01:00:00,250.64676,-351.98870849609375
2026-03-02 02:00:00,285.0,-520.0725708007812
2026-03-02 03:00:00,232.5,-582.4883422851562
2026-03-02 04:00:00,13.006752,-628.8134155273438
2026-03-02 05:00:00,-50.0,-701.7009887695312
2026-03-02 06:00:00,-50.0,-661.4107055664062
2026-03-02 07:00:00,-49.27925,-874.7999877929688
2026-03-02 08:00:00,-17.75,-564.8428344726562
2026-03-02 09:00:00,-19.178001,-669.5103149414062
2026-03-02 10:00:00,-50.0,-587.8574829101562
2026-03-02 11:00:00,-51.0,-739.5637817382812
2026-03-02 12:00:00,-50.82,-695.2984008789062
2026-03-02 13:00:00,-50.0,-882.6543579101562
2026-03-02 14:00:00,-50.0,-1054.94775390625
2026-03-02 15:00:00,-50.0,-1047.912109375
2026-03-02 16:00:00,-50.0,-948.2564086914062
2026-03-02 17:00:00,-51.142998,-733.6216430664062
2026-03-02 18:00:00,-4.5,-450.91265869140625
2026-03-02 19:00:00,15.25,-431.24725341796875
2026-03-02 20:00:00,94.37775,-579.9901733398438
2026-03-02 21:00:00,59.75,-710.7627563476562
2026-03-02 22:00:00,130.0,-716.3063354492188
2026-03-02 23:00:00,41.2215,-629.7465209960938
2026-03-03 00:00:00,209.72675,-501.91302490234375
2026-03-03 01:00:00,-49.493248,-188.26934814453125
2026-03-03 02:00:00,160.99301,-0.32720947265625
2026-03-03 03:00:00,224.17676,66.53225708007812
2026-03-03 04:00:00,220.0,124.64566040039062
2026-03-03 05:00:00,257.5,140.84548950195312
2026-03-03 06:00:00,250.0,131.77035522460938
2026-03-03 07:00:00,74.6925,93.09237670898438
2026-03-03 08:00:00,30.382,-119.14678955078125
2026-03-03 09:00:00,-35.18425,-563.7830200195312
2026-03-03 10:00:00,-50.0,-621.5548706054688
2026-03-03 11:00:00,-50.0,-399.19921875
2026-03-03 12:00:00,-50.0,-678.1543579101562
2026-03-03 13:00:00,-50.0,-632.4909057617188
2026-03-03 14:00:00,-50.0,-570.3186645507812
2026-03-03 15:00:00,-50.0,-564.0150756835938
2026-03-03 16:00:00,196.25,-265.74871826171875
2026-03-03 17:00:00,337.224,160.99392700195312
2026-03-03 18:00:00,362.5,1145.6142578125
2026-03-03 19:00:00,292.5,1591.76318359375
2026-03-03 20:00:00,280.0,1020.2105102539062
2026-03-03 21:00:00,290.0,652.0943603515625
2026-03-03 22:00:00,340.0,504.9549255371094
2026-03-03 23:00:00,370.1025,453.6977233886719
2026-03-04 00:00:00,332.5,398.85699462890625
2026-03-04 01:00:00,297.5,503.0435791015625
2026-03-04 02:00:00,315.0,640.994873046875
2026-03-04 03:00:00,310.0,821.2485961914062
2026-03-04 04:00:00,297.5,587.1124267578125
2026-03-04 05:00:00,292.5,588.7731323242188
2026-03-04 06:00:00,295.0,1132.412353515625
2026-03-04 07:00:00,335.0,613.5834350585938
2026-03-04 08:00:00,320.0,468.17205810546875
2026-03-04 09:00:00,439.2735,351.5146484375
2026-03-04 10:00:00,391.45676,202.67279052734375
2026-03-04 11:00:00,461.0,197.02978515625
2026-03-04 12:00:00,487.0,40.508270263671875
2026-03-04 13:00:00,453.63498,-271.18487548828125
2026-03-04 14:00:00,200.0,-435.2845458984375
2026-03-04 15:00:00,220.86551,-503.09136962890625
2026-03-04 16:00:00,289.52225,-406.0250244140625
2026-03-04 17:00:00,403.6315,48.278839111328125
2026-03-04 18:00:00,262.5,174.94427490234375
2026-03-04 19:00:00,268.20926,208.44863891601562
2026-03-04 20:00:00,287.604,174.90341186523438
2026-03-04 21:00:00,279.05652,223.69615173339844
2026-03-04 22:00:00,357.28525,72.60867309570312
2026-03-04 23:00:00,267.5,-111.92144775390625
2026-03-05 00:00:00,297.5,-155.06512451171875
2026-03-05 01:00:00,297.5,128.68875122070312
2026-03-05 02:00:00,217.5,100.16183471679688
2026-03-05 03:00:00,207.5,64.69912719726562
2026-03-05 04:00:00,190.0,15.768280029296875
2026-03-05 05:00:00,-50.0,135.8056640625
2026-03-05 06:00:00,-50.0,158.37832641601562
2026-03-05 07:00:00,187.5,154.961181640625
2026-03-05 08:00:00,15.0,-379.384033203125
2026-03-05 09:00:00,-50.0,-578.1464233398438
2026-03-05 10:00:00,-50.0,-558.7199096679688
2026-03-05 11:00:00,-50.0,-559.4528198242188
2026-03-05 12:00:00,-50.0,-649.9181518554688
2026-03-05 13:00:00,-50.0,-907.6569213867188
2026-03-05 14:00:00,-50.0,-926.9002075195312
2026-03-05 15:00:00,-50.0,-1223.1630859375
2026-03-05 16:00:00,-50.0,-864.5217895507812
2026-03-05 17:00:00,-2.5472488,-475.25543212890625
2026-03-05 18:00:00,265.646,166.34375
2026-03-05 19:00:00,300.0,226.0966796875
2026-03-05 20:00:00,300.0,273.7509765625
2026-03-05 21:00:00,300.0,299.6591491699219
2026-03-05 22:00:00,300.0,525.1004028320312
2026-03-05 23:00:00,307.5,1105.72705078125
2026-03-06 00:00:00,359.5,1445.530029296875
2026-03-06 01:00:00,355.0,1764.6337890625
2026-03-06 02:00:00,405.0,2089.32080078125
2026-03-06 03:00:00,402.5,2158.233154296875
2026-03-06 04:00:00,295.0,2138.89794921875
2026-03-06 05:00:00,450.0,1947.555908203125
2026-03-06 06:00:00,500.0,1731.72412109375
2026-03-06 07:00:00,402.5,969.6925048828125
2026-03-06 08:00:00,285.0,176.9638671875
2026-03-06 09:00:00,315.0,-265.65972900390625
2026-03-06 10:00:00,277.5,-429.905029296875
2026-03-06 11:00:00,537.63074,-413.38330078125
2026-03-06 12:00:00,388.0,-303.54803466796875
2026-03-06 13:00:00,322.00375,-563.5642700195312
2026-03-06 14:00:00,282.8125,-555.8557739257812
2026-03-06 15:00:00,271.5,-508.01837158203125
2026-03-06 16:00:00,566.25,-228.41668701171875
2026-03-06 17:00:00,340.0,803.810302734375
2026-03-06 18:00:00,402.5,1018.2525634765625
2026-03-06 19:00:00,262.5,823.592041015625
2026-03-06 20:00:00,285.0,391.5243225097656
2026-03-06 21:00:00,407.5,399.66827392578125
2026-03-06 22:00:00,447.5,209.155029296875
2026-03-06 23:00:00,260.0,209.87161254882812
2026-03-07 00:00:00,267.5,240.20065307617188
2026-03-07 01:00:00,100.0,-67.177001953125
2026-03-07 02:00:00,195.0,-52.30078125
2026-03-07 03:00:00,230.0,-294.67523193359375
2026-03-07 04:00:00,25.0,-550.1192016601562
2026-03-07 05:00:00,162.5,-658.4821166992188
2026-03-07 06:00:00,-25.0,-728.7083129882812
2026-03-07 07:00:00,-50.0,-609.4806518554688
2026-03-07 08:00:00,-50.0,-579.3717651367188
2026-03-07 09:00:00,-50.0,-511.13232421875
2026-03-07 10:00:00,-50.0,-892.6953735351562
2026-03-07 11:00:00,-50.0,-805.5838012695312
2026-03-07 12:00:00,-50.0,-594.2694702148438
2026-03-07 13:00:00,-50.0,-599.4942016601562
2026-03-07 14:00:00,-50.0,-571.6699829101562
2026-03-07 15:00:00,-50.0,-724.4893188476562
2026-03-07 16:00:00,-50.0,-728.2854614257812
2026-03-07 17:00:00,25.25,-468.60992431640625
2026-03-07 18:00:00,185.75,-179.79754638671875
2026-03-07 19:00:00,169.0,-124.35040283203125
2026-03-07 20:00:00,91.5,-99.071533203125
2026-03-07 21:00:00,144.0,-86.329833984375
2026-03-07 22:00:00,160.97675,9.817596435546875
2026-03-07 23:00:00,280.0,28.801513671875
2026-03-08 00:00:00,295.0,187.43649291992188
2026-03-08 01:00:00,300.0,265.92840576171875
2026-03-08 02:00:00,290.0,228.74880981445312
2026-03-08 03:00:00,292.5,232.48773193359375
2026-03-08 04:00:00,285.0,196.14169311523438
2026-03-08 05:00:00,282.5,262.139404296875
2026-03-08 06:00:00,280.0,278.9219970703125
2026-03-08 07:00:00,287.5,338.86785888671875
2026-03-08 08:00:00,185.0,-115.03350830078125
2026-03-08 09:00:00,110.0,-260.38897705078125
2026-03-08 10:00:00,-50.0,-365.23822021484375
2026-03-08 11:00:00,-50.0,-376.70281982421875
2026-03-08 12:00:00,-50.0,-393.67523193359375
2026-03-08 13:00:00,-50.0,-561.8723754882812
2026-03-08 14:00:00,-50.0,-503.2825927734375
2026-03-08 15:00:00,-50.0,-481.94268798828125
2026-03-08 16:00:00,-50.0,-55.23321533203125
2026-03-08 17:00:00,273.58527,118.57064819335938
2026-03-08 18:00:00,362.858,327.5865478515625
2026-03-08 19:00:00,271.69324,353.5068054199219
2026-03-08 20:00:00,290.0,269.5570068359375
2026-03-08 21:00:00,295.0,612.740478515625
2026-03-08 22:00:00,300.0,1041.061767578125
2026-03-08 23:00:00,305.0,783.6611328125
2026-03-09 00:00:00,292.5,434.6214904785156
2026-03-09 01:00:00,462.5,550.27978515625
2026-03-09 02:00:00,425.0,477.958251953125
2026-03-09 03:00:00,500.0,376.7144775390625
2026-03-09 04:00:00,340.0,203.3319091796875
2026-03-09 05:00:00,175.0,135.51593017578125
2026-03-09 06:00:00,37.5,-13.19024658203125
2026-03-09 07:00:00,-50.0,-170.96136474609375
2026-03-09 08:00:00,-50.0,-553.3867797851562
2026-03-09 09:00:00,-50.0,-635.3621215820312
2026-03-09 10:00:00,-50.0,-846.9618530273438
2026-03-09 11:00:00,-50.0,-911.1249389648438
2026-03-09 12:00:00,-50.0,-901.2952270507812
2026-03-09 13:00:00,-50.0,-815.9285278320312
2026-03-09 14:00:00,-50.0,-738.1412963867188
2026-03-09 15:00:00,-50.0,-822.4601440429688
2026-03-09 16:00:00,-50.0,-713.0005493164062
2026-03-09 17:00:00,-7.547249,-562.6931762695312
2026-03-09 18:00:00,92.5,-459.04425048828125
2026-03-09 19:00:00,-29.5,-429.2867431640625
2026-03-09 20:00:00,72.25,-619.6792602539062
2026-03-09 21:00:00,43.25,-716.6034545898438
2026-03-09 22:00:00,66.5,-711.7683715820312
2026-03-09 23:00:00,-28.0,-894.2345581054688
2026-03-10 00:00:00,267.5,-872.1549682617188
2026-03-10 01:00:00,126.292,-693.4113159179688
2026-03-10 02:00:00,166.263,-501.40740966796875
2026-03-10 03:00:00,387.5,-188.40802001953125
2026-03-10 04:00:00,239.0975,139.677001953125
2026-03-10 05:00:00,180.49,186.05328369140625
2026-03-10 06:00:00,292.5,266.61712646484375
2026-03-10 07:00:00,191.19475,71.73782348632812
2026-03-10 08:00:00,217.5,-348.77581787109375
2026-03-10 09:00:00,12.5,-693.6267700195312
2026-03-10 10:00:00,-50.0,-508.91094970703125
2026-03-10 11:00:00,-50.0,-596.1860961914062
2026-03-10 12:00:00,-50.0,-566.0919799804688
2026-03-10 13:00:00,-50.0,-696.0442504882812
2026-03-10 14:00:00,-50.0,-789.2330932617188
2026-03-10 15:00:00,-50.0,-695.5254516601562
2026-03-10 16:00:00,-50.0,-521.3942260742188
2026-03-10 17:00:00,142.75,-2.4598388671875
2026-03-10 18:00:00,285.75,478.81793212890625
2026-03-10 19:00:00,220.33025,866.007080078125
2026-03-10 20:00:00,231.2905,342.32269287109375
2026-03-10 21:00:00,300.0,258.8494873046875
2026-03-10 22:00:00,337.5,274.19427490234375
2026-03-10 23:00:00,350.0,322.8065185546875
2026-03-11 00:00:00,663.5,545.5155029296875
2026-03-11 01:00:00,417.43948,1532.394775390625
2026-03-11 02:00:00,970.235,1494.6348876953125
2026-03-11 03:00:00,925.0,1322.70166015625
2026-03-11 04:00:00,487.5,1123.837890625
2026-03-11 05:00:00,460.89624,629.855712890625
2026-03-11 06:00:00,467.25,564.7079467773438
2026-03-11 07:00:00,32.5,54.184814453125
2026-03-11 08:00:00,187.5,-359.25250244140625
2026-03-11 09:00:00,275.0,-576.5928344726562
2026-03-11 10:00:00,318.30798,-683.0584106445312
2026-03-11 11:00:00,403.05676,-855.5050659179688
2026-03-11 12:00:00,490.9765,-921.8189086914062
2026-03-11 13:00:00,322.28525,-1077.62890625
2026-03-11 14:00:00,368.25226,-1069.085205078125
2026-03-11 15:00:00,195.0,-935.0736694335938
2026-03-11 16:00:00,375.0,-692.8649291992188
2026-03-11 17:00:00,452.5,-521.6072387695312
2026-03-11 18:00:00,59.25,-438.479248046875
2026-03-11 19:00:00,106.5,-425.58843994140625
2026-03-11 20:00:00,124.0,-540.2709350585938
2026-03-11 21:00:00,121.25,-569.3842163085938
2026-03-11 22:00:00,-31.99625,-675.5830688476562
2026-03-11 23:00:00,-50.99625,-708.2836303710938
2026-03-12 00:00:00,-49.25,-651.9354858398438
2026-03-12 01:00:00,-51.0,-506.350341796875
2026-03-12 02:00:00,-50.0,-563.4889526367188
2026-03-12 03:00:00,-50.0,-748.6753540039062
2026-03-12 04:00:00,-50.0,-938.6033325195312
2026-03-12 05:00:00,-50.0,-930.9620971679688
2026-03-12 06:00:00,-51.0,-981.0935668945312
2026-03-12 07:00:00,-51.74625,-976.7343139648438
2026-03-12 08:00:00,-50.0,-1063.3330078125
2026-03-12 09:00:00,-50.0,-966.5496215820312
2026-03-12 10:00:00,-50.0,-874.4490356445312
2026-03-12 11:00:00,-50.0,-829.6455688476562
2026-03-12 12:00:00,-50.0,-819.3102416992188
2026-03-12 13:00:00,-50.0,-882.3008422851562
2026-03-12 14:00:00,-50.0,-942.4240112304688
2026-03-12 15:00:00,-50.0,-912.5527954101562
2026-03-12 16:00:00,-50.0,-1074.289306640625
2026-03-12 17:00:00,-50.99625,-822.4074096679688
2026-03-12 18:00:00,70.0,-765.8684692382812
2026-03-12 19:00:00,106.75,-825.7638549804688
2026-03-12 20:00:00,150.0,-923.8435668945312
2026-03-12 21:00:00,154.634,-908.1221313476562
2026-03-12 22:00:00,50.8035,-895.7745971679688
2026-03-12 23:00:00,83.1015,-864.9137573242188
2026-03-13 00:00:00,250.2455,-809.2581176757812
2026-03-13 01:00:00,280.0,-944.9616088867188
2026-03-13 02:00:00,279.3475,-738.1307983398438
2026-03-13 03:00:00,238.293,-687.1771850585938
2026-03-13 04:00:00,40.0,-846.7040405273438
2026-03-13 05:00:00,-50.0,-810.1785278320312
2026-03-13 06:00:00,-50.0,-512.7249145507812
2026-03-13 07:00:00,-50.0,-533.5338745117188
2026-03-13 08:00:00,34.139,-204.15478515625
2026-03-13 09:00:00,251.4235,-115.2767333984375
2026-03-13 10:00:00,-10.55825,0.097991943359375
2026-03-13 11:00:00,95.3935,80.93780517578125
2026-03-13 12:00:00,-49.114998,13.272918701171875
2026-03-13 13:00:00,-50.0,54.052734375
2026-03-13 14:00:00,185.0,46.9432373046875
2026-03-13 15:00:00,234.0165,95.85015869140625
2026-03-13 16:00:00,217.00351,166.07772827148438
2026-03-13 17:00:00,432.5,200.36264038085938
2026-03-13 18:00:00,342.25,305.66400146484375
2026-03-13 19:00:00,482.25,338.0072021484375
2026-03-13 20:00:00,450.0,362.93145751953125
2026-03-13 21:00:00,457.5,546.1831665039062
2026-03-13 22:00:00,500.0,730.67822265625
2026-03-13 23:00:00,550.0,826.3128662109375
2026-03-14 00:00:00,577.5,774.30078125
2026-03-14 01:00:00,500.0,879.7361450195312
2026-03-14 02:00:00,500.0,1029.449462890625
2026-03-14 03:00:00,485.0,829.4124755859375
2026-03-14 04:00:00,497.5,592.0171508789062
2026-03-14 05:00:00,500.0,524.33642578125
2026-03-14 06:00:00,608.3915,495.06866455078125
2026-03-14 07:00:00,487.5,383.21759033203125
2026-03-14 08:00:00,437.5,428.8685607910156
2026-03-14 09:00:00,165.0,342.94659423828125
2026-03-14 10:00:00,278.04376,171.7711181640625
2026-03-14 11:00:00,287.5,-26.78631591796875
2026-03-14 12:00:00,302.5,-206.99139404296875
2026-03-14 13:00:00,290.0,-418.20574951171875
2026-03-14 14:00:00,287.5,-493.20794677734375
2026-03-14 15:00:00,185.0,-539.6785278320312
2026-03-14 16:00:00,420.0,-31.189544677734375
2026-03-14 17:00:00,339.5,441.4496154785156
2026-03-14 18:00:00,377.5,1160.999267578125
2026-03-14 19:00:00,290.0,999.9708862304688
2026-03-14 20:00:00,292.5,1053.2554931640625
2026-03-14 21:00:00,285.0,1625.013427734375
2026-03-14 22:00:00,290.0,1358.619140625
2026-03-14 23:00:00,290.0,376.8409729003906
2026-03-15 00:00:00,292.5,466.1922912597656
2026-03-15 01:00:00,290.0,364.3934326171875
2026-03-15 02:00:00,280.0,518.3196411132812
2026-03-15 03:00:00,282.5,698.6085815429688
2026-03-15 04:00:00,295.0,454.156494140625
2026-03-15 05:00:00,352.5,439.2494812011719
2026-03-15 06:00:00,500.0,308.5545959472656
2026-03-15 07:00:00,395.0,371.1751403808594
2026-03-15 08:00:00,177.5,313.97113037109375
2026-03-15 09:00:00,75.0,218.91531372070312
2026-03-15 10:00:00,261.14676,-36.972625732421875
2026-03-15 11:00:00,440.0,-107.31658935546875
2026-03-15 12:00:00,285.0,-154.02020263671875
2026-03-15 13:00:00,337.5,-97.93341064453125
2026-03-15 14:00:00,285.0,-72.87615966796875
2026-03-15 15:00:00,404.6695,-54.692138671875
2026-03-15 16:00:00,571.25,214.916748046875
2026-03-15 17:00:00,392.5,891.9686279296875
2026-03-15 18:00:00,365.0,1220.3687744140625
2026-03-15 19:00:00,310.0,832.2808837890625
2026-03-15 20:00:00,259.8905,794.561279296875
2026-03-15 21:00:00,287.5,778.0547485351562
2026-03-15 22:00:00,290.0,345.5877685546875
2026-03-15 23:00:00,312.5,423.259033203125
2026-03-16 00:00:00,410.0,393.25537109375
2026-03-16 01:00:00,300.0,392.432861328125
2026-03-16 02:00:00,110.0,256.50628662109375
2026-03-16 03:00:00,52.5,238.902587890625
2026-03-16 04:00:00,150.0,265.49176025390625
2026-03-16 05:00:00,222.5,192.4434814453125
2026-03-16 06:00:00,188.25,79.33074951171875
2026-03-16 07:00:00,-50.0,-168.62408447265625
2026-03-16 08:00:00,-50.6785,-456.57476806640625
2026-03-16 09:00:00,-50.0,-472.34405517578125
2026-03-16 10:00:00,-50.0,-657.1860961914062
2026-03-16 11:00:00,-50.0,-826.9893188476562
2026-03-16 12:00:00,-50.0,-864.0936889648438
2026-03-16 13:00:00,-50.0,-941.7726440429688
2026-03-16 14:00:00,-50.0,-919.8295288085938
2026-03-16 15:00:00,-50.0,-799.5138549804688
2026-03-16 16:00:00,-50.0,-821.6168823242188
2026-03-16 17:00:00,6.25,-601.6461791992188
2026-03-16 18:00:00,82.5,-334.84637451171875
2026-03-16 19:00:00,126.25,-413.36553955078125
2026-03-16 20:00:00,-15.75,-574.1605834960938
2026-03-16 21:00:00,-31.5,-674.7922973632812
2026-03-16 22:00:00,-49.5,-691.1596069335938
2026-03-16 23:00:00,-52.25,-713.9168090820312
2026-03-17 00:00:00,-14.49625,-599.8136596679688
2026-03-17 01:00:00,94.5,-667.8424682617188
2026-03-17 02:00:00,196.5,-702.3042602539062
2026-03-17 03:00:00,198.672,-635.4882202148438
2026-03-17 04:00:00,240.46925,-470.01336669921875
2026-03-17 05:00:00,282.5,-362.92889404296875
2026-03-17 06:00:00,455.0,-212.90838623046875
2026-03-17 07:00:00,612.9308,-181.2550048828125
2026-03-17 08:00:00,445.005,-278.50860595703125
2026-03-17 09:00:00,285.0,-426.707275390625
2026-03-17 10:00:00,380.01025,-480.87225341796875
2026-03-17 11:00:00,483.23102,-562.0253295898438
2026-03-17 12:00:00,115.25,-569.3025512695312
2026-03-17 13:00:00,-49.5015,-665.3866577148438
2026-03-17 14:00:00,-50.0,-736.9514770507812
2026-03-17 15:00:00,-50.0,-881.2178344726562
2026-03-17 16:00:00,-50.0,-790.9105834960938
2026-03-17 17:00:00,-54.75,-676.6211547851562
2026-03-17 18:00:00,239.0,-813.3474731445312
2026-03-17 19:00:00,252.5,-564.7155151367188
2026-03-17 20:00:00,199.0,-531.2249145507812
2026-03-17 21:00:00,164.0,-374.63812255859375
2026-03-17 22:00:00,121.5,-241.0322265625
2026-03-17 23:00:00,211.05699,118.4462890625
2026-03-18 00:00:00,335.0,301.97100830078125
2026-03-18 01:00:00,297.5,697.6636352539062
2026-03-18 02:00:00,295.0,469.50897216796875
2026-03-18 03:00:00,282.5,561.3052978515625
2026-03-18 04:00:00,242.5,524.2172241210938
2026-03-18 05:00:00,247.70099,455.7469177246094
2026-03-18 06:00:00,168.883,211.08404541015625
2026-03-18 07:00:00,-47.8195,135.0025634765625
2026-03-18 08:00:00,-49.83725,-3.43634033203125
2026-03-18 09:00:00,-50.0,-306.7733154296875
2026-03-18 10:00:00,-50.0,-405.2637939453125
2026-03-18 11:00:00,-50.0,-491.7869873046875
2026-03-18 12:00:00,-50.0,-558.4868774414062
2026-03-18 13:00:00,-50.0,-829.6752319335938
2026-03-18 14:00:00,-50.0,-884.7034301757812
2026-03-18 15:00:00,-50.0,-767.3778686523438
2026-03-18 16:00:00,-11.0,-401.21331787109375
2026-03-18 17:00:00,266.0,101.74319458007812
2026-03-18 18:00:00,231.0,463.069091796875
2026-03-18 19:00:00,193.75,479.6020812988281
2026-03-18 20:00:00,208.62675,329.9600524902344
2026-03-18 21:00:00,217.0555,291.22222900390625
2026-03-18 22:00:00,221.0,249.57861328125
2026-03-18 23:00:00,134.25,138.85458374023438
2026-03-19 00:00:00,270.6885,185.45657348632812
2026-03-19 01:00:00,280.0,51.454803466796875
2026-03-19 02:00:00,282.5,33.326263427734375
2026-03-19 03:00:00,285.0,356.6167907714844
2026-03-19 04:00:00,203.692,200.55258178710938
2026-03-19 05:00:00,119.0,302.3848876953125
2026-03-19 06:00:00,-1.8227501,259.9313049316406
2026-03-19 07:00:00,209.043,96.50765991210938
2026-03-19 08:00:00,75.33625,-47.0338134765625
2026-03-19 09:00:00,-50.0,-142.317626953125
2026-03-19 10:00:00,-50.0,-254.045654296875
2026-03-19 11:00:00,-50.0,-556.4487915039062
2026-03-19 12:00:00,-50.0,-778.4236450195312
2026-03-19 13:00:00,-50.0,-709.4846801757812
2026-03-19 14:00:00,-50.0,-662.7332153320312
2026-03-19 15:00:00,-50.0,-685.7716674804688
2026-03-19 16:00:00,-47.13875,-387.14068603515625
2026-03-19 17:00:00,460.552,299.84027099609375
2026-03-19 18:00:00,329.988,501.2261962890625
2026-03-19 19:00:00,333.272,661.5488891601562
2026-03-19 20:00:00,500.0,504.63433837890625
2026-03-19 21:00:00,500.0,694.7244873046875
2026-03-19 22:00:00,430.0,509.47100830078125
2026-03-19 23:00:00,447.5,451.745849609375
2026-03-20 00:00:00,420.0,437.57244873046875
2026-03-20 01:00:00,442.5,341.7424621582031
2026-03-20 02:00:00,475.0,322.25360107421875
2026-03-20 03:00:00,305.0,317.9239501953125
2026-03-20 04:00:00,352.5,416.399169921875
2026-03-20 05:00:00,205.0,456.0157165527344
2026-03-20 06:00:00,117.5,323.87298583984375
2026-03-20 07:00:00,87.5,-140.3424072265625
2026-03-20 08:00:00,-50.0,-330.82110595703125
2026-03-20 09:00:00,102.5,-684.3657836914062
2026-03-20 10:00:00,-50.0,-650.6267700195312
2026-03-20 11:00:00,-50.0,-749.9822387695312
2026-03-20 12:00:00,-50.0,-1023.7106323242188
2026-03-20 13:00:00,-50.0,-1100.63134765625
2026-03-20 14:00:00,-50.0,-1133.997802734375
2026-03-20 15:00:00,-50.0,-1122.594970703125
2026-03-20 16:00:00,-50.0,-812.0808715820312
2026-03-20 17:00:00,-15.494499,-510.7723388671875
2026-03-20 18:00:00,127.5,-20.409942626953125
2026-03-20 19:00:00,228.5,291.2325134277344
2026-03-20 20:00:00,61.5,-124.711181640625
2026-03-20 21:00:00,168.5,-332.98931884765625
2026-03-20 22:00:00,128.5,-601.8999633789062
2026-03-20 23:00:00,131.0,-609.4363403320312
2026-03-21 00:00:00,139.5,-580.3012084960938
2026-03-21 01:00:00,78.5,-575.1522827148438
2026-03-21 02:00:00,-11.02625,-682.6757202148438
2026-03-21 03:00:00,-50.0,-771.0863647460938
2026-03-21 04:00:00,-44.0,-775.9032592773438
2026-03-21 05:00:00,-49.5,-775.4025268554688
2026-03-21 06:00:00,-45.5,-657.5433959960938
2026-03-21 07:00:00,-40.12125,-822.8829956054688
2026-03-21 08:00:00,-50.0,-948.8939819335938
2026-03-21 09:00:00,-50.0,-833.0933227539062
2026-03-21 10:00:00,-50.0,-725.0227661132812
2026-03-21 11:00:00,-50.0,-692.5477905273438
2026-03-21 12:00:00,-50.0,-838.4699096679688
2026-03-21 13:00:00,-50.0,-985.8952026367188
2026-03-21 14:00:00,-50.0,-989.3843383789062
2026-03-21 15:00:00,-50.0,-1008.2102661132812
2026-03-21 16:00:00,-49.0,-918.2107543945312
2026-03-21 17:00:00,-14.5,-887.3888549804688
2026-03-21 18:00:00,95.0,-548.5023193359375
2026-03-21 19:00:00,-48.5,-637.4295043945312
2026-03-21 20:00:00,64.0,-831.4789428710938
2026-03-21 21:00:00,18.87875,-778.7531127929688
2026-03-21 22:00:00,-48.2425,-776.8457641601562
2026-03-21 23:00:00,81.6625,-645.2089233398438
2026-03-22 00:00:00,260.0,-367.82366943359375
2026-03-22 01:00:00,234.9675,-115.89154052734375
2026-03-22 02:00:00,162.12201,-110.57940673828125
2026-03-22 03:00:00,235.21399,-82.61309814453125
2026-03-22 04:00:00,244.367,-31.2994384765625
2026-03-22 05:00:00,275.0,46.42486572265625
2026-03-22 06:00:00,280.0,230.20823669433594
2026-03-22 07:00:00,272.5,-64.13787841796875
2026-03-22 08:00:00,247.5,-290.40625
2026-03-22 09:00:00,145.0,-733.9526977539062
2026-03-22 10:00:00,62.5,-638.9122924804688
2026-03-22 11:00:00,112.5,-567.4182739257812
2026-03-22 12:00:00,237.5,-568.8322143554688
2026-03-22 13:00:00,237.5,-596.9082641601562
2026-03-22 14:00:00,262.5,-406.060546875
2026-03-22 15:00:00,265.0,108.58084106445312
2026-03-22 16:00:00,477.5,290.5133056640625
2026-03-22 17:00:00,887.25,599.6949462890625
2026-03-22 18:00:00,497.5,918.130615234375
2026-03-22 19:00:00,477.5,872.2459716796875
2026-03-22 20:00:00,365.0,648.0433349609375
2026-03-22 21:00:00,576.75,449.7643127441406
2026-03-22 22:00:00,472.5,434.6643371582031
2026-03-22 23:00:00,455.0,589.3895874023438
2026-03-23 00:00:00,397.5,625.6316528320312
2026-03-23 01:00:00,322.5,834.1972045898438
2026-03-23 02:00:00,397.5,619.0523681640625
2026-03-23 03:00:00,295.0,373.8777770996094
2026-03-23 04:00:00,200.0,314.16168212890625
2026-03-23 05:00:00,42.5,230.9741973876953
2026-03-23 06:00:00,128.00925,136.12374877929688
2026-03-23 07:00:00,124.67575,-240.7509765625
2026-03-23 08:00:00,-50.0,-277.16064453125
2026-03-23 09:00:00,-50.0,-374.6041259765625
2026-03-23 10:00:00,-50.0,-712.7627563476562
2026-03-23 11:00:00,-50.0,-799.5508422851562
2026-03-23 12:00:00,-50.0,-835.5073852539062
2026-03-23 13:00:00,-50.0,-900.8412475585938
2026-03-23 14:00:00,-50.0,-858.9181518554688
2026-03-23 15:00:00,-50.0,-777.4387817382812
2026-03-23 16:00:00,-50.0,-769.1218872070312
2026-03-23 17:00:00,-9.0,-552.4835205078125
2026-03-23 18:00:00,-18.25,-309.82763671875
2026-03-23 19:00:00,73.75,68.73553466796875
2026-03-23 20:00:00,-19.25,-50.27496337890625
2026-03-23 21:00:00,68.924255,-160.2396240234375
2026-03-23 22:00:00,78.32425,-190.1976318359375
2026-03-23 23:00:00,148.26425,-281.75482177734375
2026-03-24 00:00:00,225.82675,-418.98529052734375
2026-03-24 01:00:00,230.0,-605.1047973632812
2026-03-24 02:00:00,187.5,-602.3301391601562
2026-03-24 03:00:00,148.6085,-612.1371459960938
2026-03-24 04:00:00,87.5,-593.4393920898438
2026-03-24 05:00:00,-50.0,-624.8330688476562
2026-03-24 06:00:00,-48.5,-651.6622924804688
2026-03-24 07:00:00,-41.974,-768.9441528320312
2026-03-24 08:00:00,-50.0,-748.0829467773438
2026-03-24 09:00:00,-50.0,-886.0448608398438
2026-03-24 10:00:00,-50.0,-1106.095458984375
2026-03-24 11:00:00,-50.0,-1339.370361328125
2026-03-24 12:00:00,-50.0,-1348.55859375
2026-03-24 13:00:00,-50.0,-1293.6962890625
2026-03-24 14:00:00,-50.0,-1254.859375
2026-03-24 15:00:00,-50.0,-1139.328857421875
2026-03-24 16:00:00,-50.0,-1093.25830078125
2026-03-24 17:00:00,-51.25,-767.2284545898438
2026-03-24 18:00:00,7.5,-178.61199951171875
2026-03-24 19:00:00,162.0,150.02734375
2026-03-24 20:00:00,215.0,75.05593872070312
2026-03-24 21:00:00,242.5,75.19839477539062
2026-03-24 22:00:00,292.5,127.66433715820312
2026-03-24 23:00:00,347.5,233.88565063476562
2026-03-25 00:00:00,500.0,337.291259765625
2026-03-25 01:00:00,405.0,323.81036376953125
2026-03-25 02:00:00,297.5,273.33709716796875
2026-03-25 03:00:00,450.0,245.89077758789062
2026-03-25 04:00:00,230.0,158.84091186523438
2026-03-25 05:00:00,157.5,0.6839599609375
2026-03-25 06:00:00,107.5,-57.29852294921875
2026-03-25 07:00:00,55.764748,-279.126953125
2026-03-25 08:00:00,-44.95375,-381.06317138671875
2026-03-25 09:00:00,-50.0,-559.4611206054688
2026-03-25 10:00:00,-50.0,-416.04779052734375
2026-03-25 11:00:00,-50.0,-268.61468505859375
2026-03-25 12:00:00,-50.0,-373.54071044921875
2026-03-25 13:00:00,-50.0,-457.895263671875
2026-03-25 14:00:00,-50.0,-489.7476806640625
2026-03-25 15:00:00,-50.0,-460.504150390625
2026-03-25 16:00:00,-5.0,-170.86431884765625
2026-03-25 17:00:00,348.25,287.523681640625
2026-03-25 18:00:00,271.0,404.4513854980469
2026-03-25 19:00:00,311.609,399.39044189453125
2026-03-25 20:00:00,412.5,244.86085510253906
2026-03-25 21:00:00,407.5,173.7249755859375
2026-03-25 22:00:00,480.0,232.89886474609375
2026-03-25 23:00:00,515.0,320.94451904296875
2026-03-26 00:00:00,775.0,389.65667724609375
2026-03-26 01:00:00,1000.0,404.4688720703125
2026-03-26 02:00:00,825.0,390.8112487792969
2026-03-26 03:00:00,615.0,423.3375244140625
2026-03-26 04:00:00,462.5,318.5391540527344
2026-03-26 05:00:00,312.5,245.1001739501953
2026-03-26 06:00:00,84.0,181.94277954101562
2026-03-26 07:00:00,50.8145,52.293182373046875
2026-03-26 08:00:00,222.919,-327.15484619140625
2026-03-26 09:00:00,207.5,-395.86419677734375
2026-03-26 10:00:00,238.8,-603.3472290039062
2026-03-26 11:00:00,179.8755,-680.7095336914062
2026-03-26 12:00:00,152.5,-730.2863159179688
2026-03-26 13:00:00,-50.0,-776.9130249023438
2026-03-26 14:00:00,97.75,-771.3546752929688
2026-03-26 15:00:00,277.5,-746.5083618164062
2026-03-26 16:00:00,410.0,-511.18060302734375
2026-03-26 17:00:00,487.5,255.91302490234375
2026-03-26 18:00:00,475.0,543.0281982421875
2026-03-26 19:00:00,412.5,353.0484924316406
2026-03-26 20:00:00,450.0,380.1295166015625
2026-03-26 21:00:00,440.0,485.65850830078125
2026-03-26 22:00:00,500.0,666.1151123046875
2026-03-26 23:00:00,714.869,1115.904541015625
2026-03-27 00:00:00,665.83325,1599.560546875
2026-03-27 01:00:00,490.7635,1806.030517578125
2026-03-27 02:00:00,715.40454,1446.99755859375
2026-03-27 03:00:00,589.40125,1462.0474853515625
2026-03-27 04:00:00,638.68274,1537.72509765625
2026-03-27 05:00:00,532.82526,1701.815185546875
2026-03-27 06:00:00,500.0,1942.056640625
2026-03-27 07:00:00,450.0,1149.32421875
2026-03-27 08:00:00,295.0,528.6654052734375
2026-03-27 09:00:00,210.0,416.9620056152344
2026-03-27 10:00:00,300.0,322.2042541503906
2026-03-27 11:00:00,297.5,276.86187744140625
2026-03-27 12:00:00,297.5,211.91903686523438
2026-03-27 13:00:00,277.5,175.85919189453125
2026-03-27 14:00:00,280.0,252.70335388183594
2026-03-27 15:00:00,42.5,327.0032653808594
2026-03-27 16:00:00,455.0,534.119873046875
2026-03-27 17:00:00,415.0,1879.063720703125
2026-03-27 18:00:00,371.70074,2369.662353515625
2026-03-27 19:00:00,500.0,2216.460205078125
2026-03-27 20:00:00,500.0,1008.2777099609375
2026-03-27 21:00:00,985.0,1435.6651611328125
2026-03-27 22:00:00,500.0,1654.212158203125
2026-03-27 23:00:00,500.0,1292.45068359375
2026-03-28 00:00:00,400.0,1030.9052734375
2026-03-28 01:00:00,302.5,861.5164794921875
2026-03-28 02:00:00,355.0,537.790771484375
2026-03-28 03:00:00,412.5,413.55987548828125
2026-03-28 04:00:00,455.0,285.744873046875
2026-03-28 05:00:00,355.0,289.77825927734375
2026-03-28 06:00:00,470.28625,338.0064697265625
2026-03-28 07:00:00,302.5,234.45713806152344
2026-03-28 08:00:00,302.5,296.91033935546875
2026-03-28 09:00:00,305.0,617.7764892578125
2026-03-28 10:00:00,297.5,371.5314636230469
2026-03-28 11:00:00,345.0,329.8751525878906
2026-03-28 12:00:00,373.78424,295.925048828125
2026-03-28 13:00:00,453.53275,295.13031005859375
2026-03-28 14:00:00,448.50125,304.457763671875
2026-03-28 15:00:00,398.254,381.61138916015625
2026-03-28 16:00:00,276.7245,316.3852844238281
2026-03-28 17:00:00,200.78775,-14.579833984375
2026-03-28 18:00:00,281.3105,7.8131103515625
2026-03-28 19:00:00,222.9935,-172.530029296875
2026-03-28 20:00:00,260.0,-219.0589599609375
2026-03-28 21:00:00,225.0,-255.50750732421875
2026-03-28 22:00:00,210.975,-362.22369384765625
2026-03-28 23:00:00,115.6965,-339.43389892578125
2026-03-29 00:00:00,179.248,-441.43408203125
2026-03-29 01:00:00,250.2845,-356.33367919921875
2026-03-29 02:00:00,267.5,-385.53045654296875
2026-03-29 03:00:00,166.35425,-238.5816650390625
2026-03-29 04:00:00,285.0,-19.341552734375
2026-03-29 05:00:00,292.5,-225.49224853515625
2026-03-29 06:00:00,292.5,-252.5087890625
2026-03-29 07:00:00,277.5,-181.372314453125
2026-03-29 08:00:00,253.43025,-269.22540283203125
2026-03-29 09:00:00,275.0,-304.418212890625
2026-03-29 10:00:00,280.0,-296.51251220703125
2026-03-29 11:00:00,287.5,-475.00396728515625
2026-03-29 12:00:00,295.25,-546.4891357421875
2026-03-29 13:00:00,273.65076,-599.2410278320312
2026-03-29 14:00:00,287.5,-494.8829345703125
2026-03-29 15:00:00,305.0,-225.61614990234375
2026-03-29 16:00:00,447.5,-13.84222412109375
2026-03-29 17:00:00,405.0,125.20260620117188
2026-03-29 18:00:00,412.5,820.8268432617188
2026-03-29 19:00:00,284.90274,359.6222229003906
2026-03-29 20:00:00,256.434,193.30145263671875
2026-03-29 21:00:00,249.04651,326.01849365234375
2026-03-29 22:00:00,282.5,232.41830444335938
2026-03-29 23:00:00,297.5,395.2984313964844
2026-03-30 00:00:00,300.0,1041.99169921875
2026-03-30 01:00:00,312.5,968.5999755859375
2026-03-30 02:00:00,447.77777,1816.030517578125
2026-03-30 03:00:00,682.9338,1056.037109375
2026-03-30 04:00:00,682.5095,1359.100830078125
2026-03-30 05:00:00,612.0905,1724.6806640625
2026-03-30 06:00:00,630.75,1301.894775390625
2026-03-30 07:00:00,312.5,511.38519287109375
2026-03-30 08:00:00,257.5,355.47430419921875
2026-03-30 09:00:00,290.0,255.1709442138672
2026-03-30 10:00:00,300.0,79.23989868164062
2026-03-30 11:00:00,387.0,-83.37255859375
2026-03-30 12:00:00,402.5,-162.39080810546875
2026-03-30 13:00:00,450.0,-276.68585205078125
2026-03-30 14:00:00,645.1362,-276.51422119140625
2026-03-30 15:00:00,302.5,-131.63848876953125
2026-03-30 16:00:00,302.5,-3.805267333984375
2026-03-30 17:00:00,455.0,102.86856079101562
2026-03-30 18:00:00,297.5,174.94863891601562
2026-03-30 19:00:00,297.5,204.7430419921875
2026-03-30 20:00:00,295.0,214.10623168945312
2026-03-30 21:00:00,295.0,168.24325561523438
2026-03-30 22:00:00,280.0,153.834228515625
2026-03-30 23:00:00,215.0,-30.2249755859375
2026-03-31 00:00:00,262.5,-168.34521484375
2026-03-31 01:00:00,277.5,-27.792633056640625
2026-03-31 02:00:00,250.0,143.36883544921875
2026-03-31 03:00:00,118.92,-197.69586181640625
2026-03-31 04:00:00,74.807755,-451.4364013671875
2026-03-31 05:00:00,-47.829998,-578.8368530273438
2026-03-31 06:00:00,-50.0,-535.7272338867188
2026-03-31 07:00:00,-43.28225,-661.5568237304688
2026-03-31 08:00:00,-50.0,-534.154052734375
2026-03-31 09:00:00,-50.0,-462.27276611328125
2026-03-31 10:00:00,-50.0,-697.6882934570312
2026-03-31 11:00:00,-50.0,-707.9188842773438
2026-03-31 12:00:00,-50.0,-752.2288208007812
2026-03-31 13:00:00,-50.0,-756.3927612304688
2026-03-31 14:00:00,-50.0,-769.3762817382812
2026-03-31 15:00:00,-50.0,-708.1921997070312
2026-03-31 16:00:00,-50.038002,-411.17633056640625
2026-03-31 17:00:00,197.5,-97.4176025390625
2026-03-31 18:00:00,207.5,144.25753784179688
2026-03-31 19:00:00,211.75,220.52676391601562
2026-03-31 20:00:00,231.4565,192.72225952148438
2026-03-31 21:00:00,290.0,265.7187194824219
2026-03-31 22:00:00,300.0,344.32958984375
2026-03-31 23:00:00,347.5,359.841796875
2026-04-01 00:00:00,412.5,457.4671936035156
2026-04-01 01:00:00,567.8695,475.3221130371094
2026-04-01 02:00:00,500.0,440.2857360839844
2026-04-01 03:00:00,500.0,501.3133239746094
2026-04-01 04:00:00,452.5,456.5089111328125
2026-04-01 05:00:00,500.0,491.89532470703125
2026-04-01 06:00:00,457.5,414.91326904296875
2026-04-01 07:00:00,372.5,240.3779754638672
2026-04-01 08:00:00,160.0,-136.54217529296875
2026-04-01 09:00:00,260.0,-464.53466796875
2026-04-01 10:00:00,268.36975,-581.8134155273438
2026-04-01 11:00:00,156.2365,-697.7648315429688
2026-04-01 12:00:00,237.5,-754.5541381835938
2026-04-01 13:00:00,117.039,-887.3494262695312
2026-04-01 14:00:00,62.5,-869.5661010742188
2026-04-01 15:00:00,-50.0,-968.6598510742188
2026-04-01 16:00:00,32.5,-868.2254028320312
2026-04-01 17:00:00,295.0,-546.1559448242188
2026-04-01 18:00:00,302.5,-98.22613525390625
2026-04-01 19:00:00,370.0,188.73410034179688
2026-04-01 20:00:00,450.0,108.5167236328125
2026-04-01 21:00:00,450.0,-158.40496826171875
2026-04-01 22:00:00,327.85474,-463.8150634765625
2026-04-01 23:00:00,273.469,-443.5955810546875
2026-04-02 00:00:00,287.5,-1.57281494140625
2026-04-02 01:00:00,350.0,103.15325927734375
2026-04-02 02:00:00,285.0,271.28985595703125
2026-04-02 03:00:00,280.0,139.35321044921875
2026-04-02 04:00:00,127.75,119.39154052734375
2026-04-02 05:00:00,10.0,155.36184692382812
2026-04-02 06:00:00,-50.0,204.17990112304688
2026-04-02 07:00:00,-47.2175,13.088714599609375
2026-04-02 08:00:00,-50.0,-447.39923095703125
2026-04-02 09:00:00,-50.0,-632.9745483398438
2026-04-02 10:00:00,-50.0,-602.8600463867188
2026-04-02 11:00:00,-50.0,-535.8179321289062
2026-04-02 12:00:00,-50.0,-544.5414428710938
2026-04-02 13:00:00,-50.0,-728.6460571289062
2026-04-02 14:00:00,-50.0,-679.0914916992188
2026-04-02 15:00:00,-50.0,-686.9259643554688
2026-04-02 16:00:00,-51.036,-898.2772827148438
2026-04-02 17:00:00,1.5,-851.7776489257812
2026-04-02 18:00:00,186.5,-653.4403686523438
2026-04-02 19:00:00,165.88475,-659.5228881835938
2026-04-02 20:00:00,-30.57225,-816.3032836914062
2026-04-02 21:00:00,-27.173752,-955.0560913085938
2026-04-02 22:00:00,-54.856,-1064.671875
2026-04-02 23:00:00,-50.947,-1197.3896484375
2026-04-03 00:00:00,-50.947,-1245.70458984375
2026-04-03 01:00:00,-50.0,-1075.8671875
2026-04-03 02:00:00,-50.0,-930.5618286132812
2026-04-03 03:00:00,-50.0,-952.5189819335938
2026-04-03 04:00:00,-50.0,-984.7135620117188
2026-04-03 05:00:00,-50.0,-816.9105834960938
2026-04-03 06:00:00,-50.0,-881.1010131835938
2026-04-03 07:00:00,-50.0,-1051.68798828125
2026-04-03 08:00:00,-50.0,-1060.08544921875
2026-04-03 09:00:00,-50.0,-943.1091918945312
2026-04-03 10:00:00,-50.0,-963.4479370117188
2026-04-03 11:00:00,-50.0,-922.7555541992188
2026-04-03 12:00:00,-50.0,-1008.0156860351562
2026-04-03 13:00:00,-50.0,-1062.469482421875
2026-04-03 14:00:00,-50.0,-1112.85693359375
2026-04-03 15:00:00,-50.0,-1053.285400390625
2026-04-03 16:00:00,-50.0,-946.4718627929688
2026-04-03 17:00:00,294.0,-270.7489013671875
2026-04-03 18:00:00,371.75,228.48268127441406
2026-04-03 19:00:00,423.25,354.70672607421875
2026-04-03 20:00:00,525.0,420.3133544921875
2026-04-03 21:00:00,500.0,416.15460205078125
2026-04-03 22:00:00,367.0,323.76556396484375
2026-04-03 23:00:00,212.5,339.04815673828125
2026-04-04 00:00:00,277.5,368.35186767578125
2026-04-04 01:00:00,89.72475,346.9202575683594
2026-04-04 02:00:00,-48.996002,50.346343994140625
2026-04-04 03:00:00,-50.0,-448.81787109375
2026-04-04 04:00:00,94.6075,-749.7272338867188
2026-04-04 05:00:00,-48.75,-797.4880981445312
2026-04-04 06:00:00,-51.25,-842.0411987304688
2026-04-04 07:00:00,-50.0,-1146.8857421875
2026-04-04 08:00:00,-50.0,-1314.564453125
2026-04-04 09:00:00,-50.0,-1133.015625
2026-04-04 10:00:00,-50.0,-995.2924194335938
2026-04-04 11:00:00,-50.0,-949.9832153320312
2026-04-04 12:00:00,-50.0,-1021.0595092773438
2026-04-04 13:00:00,-50.0,-1032.345703125
2026-04-04 14:00:00,-50.0,-1036.911865234375
2026-04-04 15:00:00,-50.0,-1003.6354370117188
2026-04-04 16:00:00,-50.0,-1050.06396484375
2026-04-04 17:00:00,-52.14075,-804.1178588867188
2026-04-04 18:00:00,90.5,-610.1400756835938
2026-04-04 19:00:00,181.5,-396.4503173828125
2026-04-04 20:00:00,133.0,-296.41058349609375
2026-04-04 21:00:00,115.75,-312.32720947265625
2026-04-04 22:00:00,25.75,-402.51849365234375
2026-04-04 23:00:00,36.97725,-379.514404296875
2026-04-05 00:00:00,-4.1299996,-354.448486328125
2026-04-05 01:00:00,16.72725,-406.81451416015625
2026-04-05 02:00:00,193.21451,-453.78131103515625
2026-04-05 03:00:00,52.644,-247.60821533203125
2026-04-05 04:00:00,283.22974,-50.42767333984375
2026-04-05 05:00:00,267.5,-2.353668212890625
2026-04-05 06:00:00,-45.6965,-117.86676025390625
2026-04-05 07:00:00,27.054749,-589.1145629882812
2026-04-05 08:00:00,-50.0,-861.5308227539062
2026-04-05 09:00:00,-50.0,-1059.637451171875
2026-04-05 10:00:00,-50.0,-1102.054443359375
2026-04-05 11:00:00,-50.0,-1164.40673828125
2026-04-05 12:00:00,-50.0,-1166.73681640625
2026-04-05 13:00:00,-50.0,-1211.050537109375
2026-04-05 14:00:00,-50.0,-1196.453125
2026-04-05 15:00:00,-50.0,-1193.32421875
2026-04-05 16:00:00,-50.0,-1096.486572265625
2026-04-05 17:00:00,-0.35974884,-689.6577758789062
2026-04-05 18:00:00,101.358246,-233.29345703125
2026-04-05 19:00:00,171.5,152.33657836914062
2026-04-05 20:00:00,138.0,341.47064208984375
2026-04-05 21:00:00,307.5,451.1441650390625
2026-04-05 22:00:00,295.0,405.8653869628906
2026-04-05 23:00:00,355.0,526.0178833007812
2026-04-06 00:00:00,397.5,900.0548095703125
2026-04-06 01:00:00,465.0,721.6025390625
2026-04-06 02:00:00,440.0,414.35675048828125
2026-04-06 03:00:00,257.5,307.2615966796875
2026-04-06 04:00:00,285.0,152.31912231445312
2026-04-06 05:00:00,277.9945,-31.892608642578125
2026-04-06 06:00:00,-45.64925,-321.19586181640625
2026-04-06 07:00:00,74.3685,-264.44140625
2026-04-06 08:00:00,-50.0,-547.78076171875
2026-04-06 09:00:00,-50.0,-1046.471923828125
2026-04-06 10:00:00,-50.0,-1113.080078125
2026-04-06 11:00:00,-50.0,-1282.281982421875
2026-04-06 12:00:00,-50.0,-1298.5810546875
2026-04-06 13:00:00,-50.0,-1313.736083984375
2026-04-06 14:00:00,-50.0,-1294.419189453125
2026-04-06 15:00:00,-50.0,-1222.04052734375
2026-04-06 16:00:00,-50.0,-985.5283813476562
2026-04-06 17:00:00,69.832504,-362.40411376953125
2026-04-06 18:00:00,225.66475,258.2269287109375
2026-04-06 19:00:00,204.0,572.3128662109375
2026-04-06 20:00:00,162.92825,372.2052917480469
2026-04-06 21:00:00,245.879,412.6007995605469
2026-04-06 22:00:00,392.5,609.1641845703125
2026-04-06 23:00:00,455.0,430.4710388183594
2026-04-07 00:00:00,396.5,403.668212890625
2026-04-07 01:00:00,392.5,331.44171142578125
2026-04-07 02:00:00,917.0,356.3714904785156
2026-04-07 03:00:00,677.5,337.8175354003906
2026-04-07 04:00:00,500.0,332.58978271484375
2026-04-07 05:00:00,417.5,286.4093017578125
2026-04-07 06:00:00,285.0,166.919189453125
2026-04-07 07:00:00,115.0,-7.53399658203125
2026-04-07 08:00:00,282.5,-298.95477294921875
2026-04-07 09:00:00,132.5,-594.2300415039062
2026-04-07 10:00:00,0.0,-569.7706909179688
2026-04-07 11:00:00,0.0,-691.5773315429688
2026-04-07 12:00:00,0.0,-819.8744506835938
2026-04-07 13:00:00,0.0,-951.7173461914062
2026-04-07 14:00:00,0.0,-994.5739135742188
2026-04-07 15:00:00,-50.0,-995.7097778320312
2026-04-07 16:00:00,-11.5,-768.7598266601562
2026-04-07 17:00:00,202.5,-705.3268432617188
2026-04-07 18:00:00,129.75,-511.56103515625
2026-04-07 19:00:00,-9.0,-535.7801513671875
2026-04-07 20:00:00,-55.75,-610.2178344726562
2026-04-07 21:00:00,88.0,-632.0071411132812
2026-04-07 22:00:00,-33.3245,-751.5556030273438
2026-04-07 23:00:00,-51.75775,-841.6572875976562
2026-04-08 00:00:00,-53.742752,-982.1234741210938
2026-04-08 01:00:00,-52.59875,-1181.358154296875
2026-04-08 02:00:00,-51.31475,-1167.27685546875
2026-04-08 03:00:00,-50.0,-1084.62744140625
2026-04-08 04:00:00,-50.565,-855.8380737304688
2026-04-08 05:00:00,-48.83175,-892.6646118164062
2026-04-08 06:00:00,-46.853252,-970.5588989257812
2026-04-08 07:00:00,-48.0675,-784.3569946289062
2026-04-08 08:00:00,-50.0,-612.6930541992188
2026-04-08 09:00:00,-50.0,-405.69183349609375
2026-04-08 10:00:00,-50.5485,-381.797607421875
2026-04-08 11:00:00,-41.979,-322.64385986328125
2026-04-08 12:00:00,-52.5335,-255.86260986328125
2026-04-08 13:00:00,-51.7475,-295.63238525390625
2026-04-08 14:00:00,30.75,-318.162109375
2026-04-08 15:00:00,149.26575,-311.656982421875
2026-04-08 16:00:00,179.7285,-102.66412353515625
2026-04-08 17:00:00,150.91475,44.59124755859375
2026-04-08 18:00:00,199.0,301.1056213378906
2026-04-08 19:00:00,209.0,490.66217041015625
2026-04-08 20:00:00,70.5,401.8150634765625
2026-04-08 21:00:00,208.996,351.1983642578125
2026-04-08 22:00:00,185.3465,337.62591552734375
2026-04-08 23:00:00,257.2305,312.13818359375
2026-04-09 00:00:00,282.5,302.958251953125
2026-04-09 01:00:00,280.0,271.9708251953125
2026-04-09 02:00:00,247.5,360.0670166015625
2026-04-09 03:00:00,55.891254,248.02439880371094
2026-04-09 04:00:00,198.19925,231.62249755859375
2026-04-09 05:00:00,197.99826,221.2566375732422
2026-04-09 06:00:00,57.989502,197.3609619140625
2026-04-09 07:00:00,0.0,-75.90191650390625
2026-04-09 08:00:00,-50.0,-281.3311767578125
2026-04-09 09:00:00,-50.0,-490.79638671875
2026-04-09 10:00:00,-37.5,-593.1972045898438
2026-04-09 11:00:00,19.03275,-711.9168090820312
2026-04-09 12:00:00,273.5,-779.0361938476562
2026-04-09 13:00:00,170.0,-858.3054809570312
2026-04-09 14:00:00,140.0,-865.3718872070312
2026-04-09 15:00:00,17.5,-775.6682739257812
2026-04-09 16:00:00,-50.0,-630.5319213867188
2026-04-09 17:00:00,155.75,-379.7567138671875
2026-04-09 18:00:00,250.0,-215.965576171875
2026-04-09 19:00:00,267.86603,-165.9464111328125
2026-04-09 20:00:00,350.0,-209.4935302734375
2026-04-09 21:00:00,256.5385,-254.0521240234375
2026-04-09 22:00:00,324.07,-311.73651123046875
2026-04-09 23:00:00,282.5,-296.655029296875
2026-04-10 00:00:00,267.5,-244.5994873046875
2026-04-10 01:00:00,230.0,-251.10302734375
2026-04-10 02:00:00,156.672,-156.2972412109375
2026-04-10 03:00:00,200.0,-261.35321044921875
2026-04-10 04:00:00,262.5,-342.2889404296875
2026-04-10 05:00:00,262.5,-362.0150146484375
2026-04-10 06:00:00,99.91875,-418.50799560546875
2026-04-10 07:00:00,8.789249,-452.45166015625
2026-04-10 08:00:00,-47.3775,-586.1863403320312
2026-04-10 09:00:00,-50.0,-815.6060180664062
2026-04-10 10:00:00,-50.0,-867.1602172851562
2026-04-10 11:00:00,-50.0,-904.9395141601562
2026-04-10 12:00:00,-50.0,-902.9812622070312
2026-04-10 13:00:00,-50.0,-919.5087280273438
2026-04-10 14:00:00,-50.0,-925.6734008789062
2026-04-10 15:00:00,-50.0,-834.0197143554688
2026-04-10 16:00:00,-50.0,-717.5128784179688
2026-04-10 17:00:00,19.098251,-365.77593994140625
2026-04-10 18:00:00,136.75626,151.45498657226562
2026-04-10 19:00:00,175.258,330.4117126464844
2026-04-10 20:00:00,286.49725,378.2017822265625
2026-04-10 21:00:00,432.0,380.8829345703125
2026-04-10 22:00:00,1300.0,247.43707275390625
2026-04-10 23:00:00,1050.0,223.38389587402344
2026-04-11 00:00:00,1050.0,391.26629638671875
2026-04-11 01:00:00,487.5,331.7042541503906
2026-04-11 02:00:00,450.0,323.03021240234375
2026-04-11 03:00:00,317.5,186.6024169921875
2026-04-11 04:00:00,275.0,72.27603149414062
2026-04-11 05:00:00,280.0,-67.21575927734375
2026-04-11 06:00:00,77.5,-308.4093017578125
2026-04-11 07:00:00,53.78575,-353.8177490234375
2026-04-11 08:00:00,-49.05975,-491.10577392578125
2026-04-11 09:00:00,-50.0,-486.4425048828125
2026-04-11 10:00:00,-50.0,-597.4285278320312
2026-04-11 11:00:00,-50.0,-695.7457885742188
2026-04-11 12:00:00,-50.0,-824.5031127929688
2026-04-11 13:00:00,-50.0,-805.1087036132812
2026-04-11 14:00:00,-50.0,-838.2997436523438
2026-04-11 15:00:00,-50.0,-828.9624633789062
2026-04-11 16:00:00,-50.0,-704.3268432617188
2026-04-11 17:00:00,-48.42975,-563.8994750976562
2026-04-11 18:00:00,13.3445015,-479.3580322265625
2026-04-11 19:00:00,-45.5,-417.8251953125
2026-04-11 20:00:00,15.641502,-643.1809692382812
2026-04-11 21:00:00,133.87675,-487.19879150390625
2026-04-11 22:00:00,191.60425,-500.40277099609375
2026-04-11 23:00:00,213.715,-530.34765625
2026-04-12 00:00:00,340.0,-338.74542236328125
2026-04-12 01:00:00,285.0,85.482177734375
2026-04-12 02:00:00,-27.868,94.091552734375
2026-04-12 03:00:00,-39.3095,-19.33355712890625
2026-04-12 04:00:00,37.12,-13.34521484375
2026-04-12 05:00:00,95.3855,46.491119384765625
2026-04-12 06:00:00,138.03325,-98.34710693359375
2026-04-12 07:00:00,8.397,-313.20452880859375
2026-04-12 08:00:00,-49.385498,-433.367431640625
2026-04-12 09:00:00,37.5,-684.2883911132812
2026-04-12 10:00:00,117.2125,-691.6956176757812
2026-04-12 11:00:00,25.0,-676.1117553710938
2026-04-12 12:00:00,21.29475,-729.6786499023438
2026-04-12 13:00:00,0.0,-791.1647338867188
2026-04-12 14:00:00,60.0,-669.8178100585938
2026-04-12 15:00:00,231.57974,-291.161865234375
2026-04-12 16:00:00,227.5,137.60980224609375
2026-04-12 17:00:00,280.0,286.6382141113281
2026-04-12 18:00:00,282.5,608.845947265625
2026-04-12 19:00:00,215.73875,496.67041015625
2026-04-12 20:00:00,29.75,349.5950927734375
2026-04-12 21:00:00,88.75,303.4547119140625
2026-04-12 22:00:00,71.5,212.45303344726562
2026-04-12 23:00:00,153.65726,196.375732421875
2026-04-13 00:00:00,185.60875,106.95932006835938
2026-04-13 01:00:00,113.09925,-54.93438720703125
2026-04-13 02:00:00,172.5,-334.35540771484375
2026-04-13 03:00:00,150.0,-237.3463134765625
2026-04-13 04:00:00,208.9895,-343.54510498046875
2026-04-13 05:00:00,150.10175,-412.05926513671875
2026-04-13 06:00:00,128.5005,-423.0904541015625
2026-04-13 07:00:00,18.436253,-304.17864990234375
2026-04-13 08:00:00,85.34125,-229.44036865234375
2026-04-13 09:00:00,-45.473,-71.10968017578125
2026-04-13 10:00:00,-14.0182495,-175.83148193359375
2026-04-13 11:00:00,8.365999,-271.581787109375
2026-04-13 12:00:00,210.0,-347.148681640625
2026-04-13 13:00:00,217.5,-476.4307861328125
2026-04-13 14:00:00,182.5,-545.720947265625
2026-04-13 15:00:00,245.0,-519.4053344726562
2026-04-13 16:00:00,282.5,-100.0765380859375
2026-04-13 17:00:00,300.0,234.262939453125
2026-04-13 18:00:00,287.5,661.8135375976562
2026-04-13 19:00:00,285.0,456.7347717285156
2026-04-13 20:00:00,280.0,363.8142395019531
2026-04-13 21:00:00,280.0,353.2632141113281
2026-04-13 22:00:00,285.0,461.3448791503906
2026-04-13 23:00:00,280.0,726.5238647460938
2026-04-14 00:00:00,452.5,1529.384033203125
2026-04-14 01:00:00,447.5,1229.279296875
2026-04-14 02:00:00,500.0,608.2911376953125
2026-04-14 03:00:00,397.5,423.8111267089844
2026-04-14 04:00:00,603.4405,359.0444641113281
2026-04-14 05:00:00,912.75,228.87132263183594
2026-04-14 06:00:00,447.5,97.86465454101562
2026-04-14 07:00:00,417.5,-20.82965087890625
2026-04-14 08:00:00,604.0,-474.61224365234375
2026-04-14 09:00:00,218.25,-577.1144409179688
2026-04-14 10:00:00,115.0,-768.1126098632812
2026-04-14 11:00:00,-50.0,-886.6192016601562
2026-04-14 12:00:00,-50.0,-967.2238159179688
2026-04-14 13:00:00,-50.0,-964.7267456054688
2026-04-14 14:00:00,-50.0,-959.4506225585938
2026-04-14 15:00:00,-50.0,-912.1801147460938
2026-04-14 16:00:00,-25.5,-654.8042602539062
2026-04-14 17:00:00,149.00725,-436.657958984375
2026-04-14 18:00:00,224.69576,-50.604248046875
2026-04-14 19:00:00,289.67624,125.70684814453125
2026-04-14 20:00:00,241.63751,215.2932891845703
2026-04-14 21:00:00,240.38525,391.3784484863281
2026-04-14 22:00:00,260.0,799.07177734375
2026-04-14 23:00:00,255.0,242.71127319335938
2026-04-15 00:00:00,225.0,137.86529541015625
2026-04-15 01:00:00,215.0,-118.82720947265625
2026-04-15 02:00:00,197.5,-152.42523193359375
2026-04-15 03:00:00,115.01076,-131.499267578125
2026-04-15 04:00:00,132.5,-276.4764404296875
2026-04-15 05:00:00,13.16675,-381.13360595703125
2026-04-15 06:00:00,-49.515,-290.4720458984375
2026-04-15 07:00:00,-52.01225,-307.44244384765625
2026-04-15 08:00:00,-49.76975,-546.6279296875
2026-04-15 09:00:00,-50.0,-649.2634887695312
2026-04-15 10:00:00,-50.0,-546.7222290039062
2026-04-15 11:00:00,-50.0,-518.6285400390625
2026-04-15 12:00:00,-50.0,-544.5230102539062
2026-04-15 13:00:00,-50.0,-628.3953247070312
2026-04-15 14:00:00,-50.0,-652.7559204101562
2026-04-15 15:00:00,-50.80975,-764.0899047851562
2026-04-15 16:00:00,-53.7355,-767.2026977539062
2026-04-15 17:00:00,-51.78025,-682.3970336914062
2026-04-15 18:00:00,-32.402252,-550.0995483398438
2026-04-15 19:00:00,-30.43825,-310.02581787109375
2026-04-15 20:00:00,11.182751,-187.15008544921875
2026-04-15 21:00:00,-22.903,-150.001708984375
2026-04-15 22:00:00,110.261505,-335.84075927734375
2026-04-15 23:00:00,302.13977,-215.1697998046875
2026-04-16 00:00:00,360.0,236.974853515625
2026-04-16 01:00:00,295.0,409.934326171875
2026-04-16 02:00:00,437.5,385.4404296875
2026-04-16 03:00:00,559.5,435.6959228515625
2026-04-16 04:00:00,335.0,430.6242370605469
2026-04-16 05:00:00,332.5,528.8649291992188
2026-04-16 06:00:00,300.0,762.036376953125
2026-04-16 07:00:00,255.83325,407.15972900390625
2026-04-16 08:00:00,310.0,62.140594482421875
2026-04-16 09:00:00,265.0,-347.0401611328125
2026-04-16 10:00:00,265.0,-525.7976684570312
2026-04-16 11:00:00,277.5,-589.4219360351562
2026-04-16 12:00:00,165.0,-562.1262817382812
2026-04-16 13:00:00,40.0,-732.1119995117188
2026-04-16 14:00:00,-50.0,-753.5051879882812
2026-04-16 15:00:00,-50.0,-770.3687133789062
2026-04-16 16:00:00,-50.0,-804.3539428710938
2026-04-16 17:00:00,-49.333252,-348.3662109375
2026-04-16 18:00:00,-44.22125,-8.679290771484375
2026-04-16 19:00:00,-49.75,31.219879150390625
2026-04-16 20:00:00,5.804,-134.817138671875
2026-04-16 21:00:00,-51.760254,-214.6378173828125
2026-04-16 22:00:00,-51.16875,-404.098876953125
2026-04-16 23:00:00,73.0,-367.2755126953125
2026-04-17 00:00:00,116.190994,95.83709716796875
2026-04-17 01:00:00,239.75,-198.7821044921875
2026-04-17 02:00:00,397.5,-260.1002197265625
2026-04-17 03:00:00,-37.5,-112.92364501953125
2026-04-17 04:00:00,-50.0,-385.49493408203125
2026-04-17 05:00:00,17.5,-403.06573486328125
2026-04-17 06:00:00,20.795502,-381.73712158203125
2026-04-17 07:00:00,45.0,-410.07958984375
2026-04-17 08:00:00,-50.0,-373.12939453125
2026-04-17 09:00:00,-50.0,-85.30975341796875
2026-04-17 10:00:00,-50.0,-277.406005859375
2026-04-17 11:00:00,-50.0,-456.71466064453125
2026-04-17 12:00:00,-50.0,-601.0170288085938
2026-04-17 13:00:00,-50.0,-710.9849243164062
2026-04-17 14:00:00,-50.0,-774.1532592773438
2026-04-17 15:00:00,-50.0,-627.2579956054688
2026-04-17 16:00:00,-49.1645,-260.2659912109375
2026-04-17 17:00:00,289.316,67.92465209960938
2026-04-17 18:00:00,182.5,303.3911437988281
2026-04-17 19:00:00,158.8775,403.2626037597656
2026-04-17 20:00:00,16.0365,151.39300537109375
2026-04-17 21:00:00,-8.5,40.94525146484375
2026-04-17 22:00:00,-50.3015,-180.09600830078125
2026-04-17 23:00:00,-52.206,-237.9501953125
2026-04-18 00:00:00,-50.0,-298.40740966796875
2026-04-18 01:00:00,-50.0,-459.283935546875
2026-04-18 02:00:00,-51.3015,-452.96923828125
2026-04-18 03:00:00,-19.58325,-405.00579833984375
2026-04-18 04:00:00,-48.42175,-592.1936645507812
2026-04-18 05:00:00,-49.333252,-746.9447631835938
2026-04-18 06:00:00,-50.0,-570.8223266601562
2026-04-18 07:00:00,-50.0,-548.7510986328125
2026-04-18 08:00:00,-50.0,-445.633544921875
2026-04-18 09:00:00,-50.0,-531.89697265625
2026-04-18 10:00:00,-50.0,-701.6759643554688
2026-04-18 11:00:00,-50.0,-794.0667114257812
2026-04-18 12:00:00,-50.0,-970.3571166992188
2026-04-18 13:00:00,-50.0,-1036.654052734375
2026-04-18 14:00:00,-50.0,-1054.671875
2026-04-18 15:00:00,-50.0,-827.7201538085938
2026-04-18 16:00:00,-51.3015,-589.2462768554688
2026-04-18 17:00:00,-12.73775,-412.170166015625
2026-04-18 18:00:00,-30.300251,-412.19952392578125
2026-04-18 19:00:00,-49.0,-258.6947021484375
2026-04-18 20:00:00,12.0,-458.09716796875
2026-04-18 21:00:00,68.66825,-536.2088623046875
2026-04-18 22:00:00,19.5,-517.3946533203125
2026-04-18 23:00:00,-51.654503,-667.4295043945312
2026-04-19 00:00:00,-50.0,-876.8721313476562
2026-04-19 01:00:00,-50.0,-919.1018676757812
2026-04-19 02:00:00,-36.11528,-813.0846557617188
2026-04-19 03:00:00,10.914585,-773.0969848632812
2026-04-19 04:00:00,20.77324,-870.8984985351562
2026-04-19 05:00:00,22.367445,-556.1303100585938
2026-04-19 06:00:00,92.6729,-470.3876953125
2026-04-19 07:00:00,92.342415,-777.9487915039062
2026-04-19 08:00:00,12.761553,-783.6046752929688
2026-04-19 09:00:00,13.583851,-692.0023803710938
2026-04-19 10:00:00,-21.976475,-492.71527099609375
2026-04-19 11:00:00,-34.616814,-527.082763671875
2026-04-19 12:00:00,-12.085163,-635.3903198242188
2026-04-19 13:00:00,-41.2532,-721.2854614257812
2026-04-19 14:00:00,-50.0,-831.1223754882812
2026-04-19 15:00:00,-50.0,-928.7114868164062
2026-04-19 16:00:00,-50.0,-868.5702514648438
2026-04-19 17:00:00,-32.67855,-560.9196166992188
2026-04-19 18:00:00,93.42035,-266.04180908203125
2026-04-19 19:00:00,289.57477,-234.47540283203125
2026-04-19 20:00:00,199.303,-246.61181640625
2026-04-19 21:00:00,176.51474,-146.39947509765625
2026-04-19 22:00:00,221.61426,-82.55389404296875
2026-04-19 23:00:00,249.42174,-65.72991943359375
